Workbook

Sheet Market Analysis
A1: Regional Share (%)
A2: North America | B2: 0.364 | E2: USD Millions | H2: On the basis of no test
A3: Europe | B3: 0.25 | D3: Global Base Number | E3: 5467 | H3: Population
A4: Asia Pacific | B4: 0.234 | H4: Disease
A5: Latin America | B5: 0.1 | F5: 0.145
A6: Middle East and Africa | B6: =1-SUM(B2:B5) -> 0.052
B7: =SUM(B2:B6) -> 1
C8: Historical | D8: Historical | E8: Base Year | F8: Estimated | G8: Forecast | H8: Forecast | I8: Forecast | J8: Forecast | K8: Forecast | L8: Forecast | M8: Forecast | N8: Forecast | O8: Forecast | P8: Forecast
C9: 2023 | D9: =C9+1 -> 2024 | E9: =D9+1 -> 2025 | F9: =E9+1 -> 2026 | G9: =F9+1 -> 2027 | H9: =G9+1 -> 2028 | I9: =H9+1 -> 2029 | J9: =I9+1 -> 2030 | K9: =J9+1 -> 2031 | ... P9: =O9+1 -> 2036 | Q9: CAGR % (2027-2036)
A10: North America | B10: =B2 -> 0.364 | C10: =B10*E3 -> 1989.988 | D10: =D12+D14 -> 2271.4121 | E10: =E12+E14 -> 2596.1078 | F10: =F12+F14 -> 2971.2332 | G10: =G12+G14 -> 3405.2109 | H10: =H12+H14 -> 3907.9649 | I10: =I12+I14 -> 4491.2043 | J10: =J12+J14 -> 5168.7645 | K10: =K12+K14 -> 5957.0163 | ... P10: =P12+P14 -> 12380.481 | Q10: =RATE(9,,-G10,P10) -> 0.15421886
D11: 0.142 | E11: 0.14356786 | F11: 0.14515304 | G11: 0.14675571 | H11: 0.14837608 | I11: 0.15001435 | J11: 0.1516707 | K11: 0.15334534 | L11: 0.15503846 | M11: 0.15675029 | N11: 0.15848101 | O11: 0.16023085 | P11: 0.162
A12: United States (92-97%) | B12: 0.942 | C12: =B12*C10 -> 1874.5687 | D12: =C12*(1+D11) -> 2140.7575 | E12: =D12*(1+E11) -> 2448.1014 | F12: =E12*(1+F11) -> 2803.4508 | G12: =F12*(1+G11) -> 3214.8732 | H12: =G12*(1+H11) -> 3691.8835 | I12: =H12*(1+I11) -> 4245.719 | J12: =I12*(1+J11) -> 4889.6701 | K12: =J12*(1+K11) -> 5639.4782 | ... P12: =O12*(1+P11) -> 11768.319 | Q12: =RATE(9,,-G12,P12) -> 0.15509242
D13: 0.132 | E13: 0.13280573 | F13: 0.13361637 | G13: 0.13443196 | H13: 0.13525253 | I13: 0.13607811 | J13: 0.13690873 | K13: 0.13774442 | L13: 0.13858521 | M13: 0.13943113 | N13: 0.14028221 | O13: 0.14113849 | P13: 0.142
A14: Canada | B14: =1-B12 -> 0.058 | C14: =B14*C10 -> 115.4193 | D14: =C14*(1+D13) -> 130.65465 | E14: =D14*(1+E13) -> 148.00634 | F14: =E14*(1+F13) -> 167.78241 | G14: =F14*(1+G13) -> 190.33773 | H14: =G14*(1+H13) -> 216.08138 | I14: =H14*(1+I13) -> 245.48533 | J14: =I14*(1+J13) -> 279.09442 | K14: =J14*(1+K13) -> 317.53811 | ... P14: =O14*(1+P13) -> 612.16189 | Q14: =RATE(9,,-G14,P14) -> 0.13860023
B15: =B14+B12 -> 1 | C15: =C14+C12 -> 1989.988
A16: Europe | B16: =B3 -> 0.25 | C16: =B16*E3 -> 1366.75 | D16: =D18+D20+D22+D24+D26+D28+D30+D32 -> 1520.4137 | E16: =E18+E20+E22+E24+E26+E28+E30+E32 -> 1693.4952 | F16: =F18+F20+F22+F24+F26+F28+F30+F32 -> 1888.6097 | G16: =G18+G20+G22+G24+G26+G28+G30+G32 -> 2108.7415 | H16: =H18+H20+H22+H24+H26+H28+H30+H32 -> 2357.2983 | I16: =I18+I20+I22+I24+I26+I28+I30+I32 -> 2638.1751 | J16: =J18+J20+J22+J24+J26+J28+J30+J32 -> 2955.8268 | K16: =K18+K20+K22+K24+K26+K28+K30+K32 -> 3315.3548 | ... P16: =P18+P20+P22+P24+P26+P28+P30+P32 -> 5978.9295 | Q16: =RATE(9,,-G16,P16) -> 0.12276509
D17: 0.152 | E17: 0.15114043 | F17: 0.15028572 | G17: 0.14943584 | H17: 0.14859077 | I17: 0.14775048 | J17: 0.14691494 | K17: 0.14608413 | L17: 0.14525801 | M17: 0.14443657 | N17: 0.14361977 | O17: 0.14280759 | P17: 0.142
A18: Germany (1) | B18: 0.25 | C18: =B18*C16 -> 341.6875 | D18: =C18*(1+D17) -> 393.624 | E18: =D18*(1+E17) -> 453.1165 | F18: =E18*(1+F17) -> 521.21344 | G18: =F18*(1+G17) -> 599.10141 | H18: =G18*(1+H17) -> 688.12235 | I18: =H18*(1+I17) -> 789.79276 | J18: =I18*(1+J17) -> 905.82511 | K18: =J18*(1+K17) -> 1038.1518 | ... P18: =O18*(1+P17) -> 2030.8451 | Q18: =RATE(9,,-G18,P18) -> 0.14527161
D19: 0.1265 | E19: 0.12809321 | F19: 0.12970648 | G19: 0.13134007 | H19: 0.13299423 | I19: 0.13466923 | J19: 0.13636532 | K19: 0.13808277 | L19: 0.13982186 | M19: 0.14158284 | N19: 0.14336601 | O19: 0.14517163 | P19: 0.147
A20: UK (2) | B20: 0.2 | C20: =B20*C16 -> 273.35 | D20: =C20*(1+D19) -> 307.92878 | E20: =D20*(1+E19) -> 347.37236 | F20: =E20*(1+F19) -> 392.4288 | G20: =F20*(1+G19) -> 443.97043 | H20: =G20*(1+H19) -> 503.01593 | I20: =H20*(1+I19) -> 570.7567 | J20: =I20*(1+J19) -> 648.58812 | K20: =J20*(1+K19) -> 738.14696 | ... P20: =O20*(1+P19) -> 1442.4691 | Q20: =RATE(9,,-G20,P20) -> 0.13988591
D21: 0.098 | E21: 0.098327255 | F21: 0.098655604 | G21: 0.098985048 | H21: 0.099315593 | I21: 0.099647242 | J21: 0.099979998 | K21: 0.10031387 | L21: 0.10064885 | M21: 0.10098495 | N21: 0.10132217 | O21: 0.10166052 | P21: 0.102
A22: France (3) | B22: 0.16 | C22: =B22*C16 -> 218.68 | D22: =C22*(1+D21) -> 240.11064 | E22: =D22*(1+E21) -> 263.72006 | F22: =E22*(1+F21) -> 289.73752 | G22: =F22*(1+G21) -> 318.4172 | H22: =G22*(1+H21) -> 350.041 | I22: =H22*(1+I21) -> 384.92162 | J22: =I22*(1+J21) -> 423.40608 | K22: =J22*(1+K21) -> 465.87958 | ... P22: =O22*(1+P21) -> 754.82731 | Q22: =RATE(9,,-G22,P22) -> 0.10065224
D23: 0.107 | E23: 0.10888874 | F23: 0.11081081 | G23: 0.11276682 | H23: 0.11475735 | I23: 0.11678301 | J23: 0.11884444 | K23: 0.12094225 | L23: 0.12307709 | M23: 0.12524961 | N23: 0.12746049 | O23: 0.12971039 | P23: 0.132
A24: Italy (4) | B24: 0.1 | C24: =B24*C16 -> 136.675 | D24: =C24*(1+D23) -> 151.29923 | E24: =D24*(1+E23) -> 167.77401 | F24: =E24*(1+F23) -> 186.36518 | G24: =F24*(1+G23) -> 207.38099 | H24: =G24*(1+H23) -> 231.17948 | I24: =H24*(1+I23) -> 258.17732 | J24: =I24*(1+J23) -> 288.86025 | K24: =J24*(1+K23) -> 323.79566 | ... P24: =O24*(1+P23) -> 589.98958 | Q24: =RATE(9,,-G24,P24) -> 0.12318895
D25: 0.075 | E25: 0.076287809 | F25: 0.077597731 | G25: 0.078930146 | H25: 0.080285439 | I25: 0.081664003 | J25: 0.083066239 | K25: 0.084492552 | L25: 0.085943356 | M25: 0.087419071 | N25: 0.088920125 | O25: 0.090446954 | P25: 0.092
A26: Spain (5) | B26: 0.05 | C26: =B26*C16 -> 68.3375 | D26: =C26*(1+D25) -> 73.462812 | E26: =D26*(1+E25) -> 79.06713 | F26: =E26*(1+F25) -> 85.202559 | G26: =F26*(1+G25) -> 91.92761 | H26: =G26*(1+H25) -> 99.308058 | I26: =H26*(1+I25) -> 107.41795 | J26: =I26*(1+J25) -> 116.34076 | K26: =J26*(1+K25) -> 126.17068 | ... P26: =O26*(1+P25) -> 193.19051 | Q26: =RATE(9,,-G26,P26) -> 0.086019835
D27: 0.056 | E27: 0.056477006 | F27: 0.056958075 | G27: 0.057443242 | H27: 0.057932541 | I27: 0.058426009 | J27: 0.058923679 | K27: 0.059425589 | L27: 0.059931774 | M27: 0.060442271 | N27: 0.060957116 | O27: 0.061476347 | P27: 0.062
A28: NORDIC | B28: 0.042 | C28: =B28*C16 -> 57.4035 | D28: =C28*(1+D27) -> 60.618096 | E28: =D28*(1+E27) -> 64.041625 | F28: =E28*(1+F27) -> 67.689312 | G28: =F28*(1+G27) -> 71.577606 | H28: =G28*(1+H27) -> 75.724278 | I28: =H28*(1+I27) -> 80.148546 | J28: =I28*(1+J27) -> 84.871193 | K28: =J28*(1+K27) -> 89.914714 | ... P28: =O28*(1+P27) -> 120.87274 | Q28: =RATE(9,,-G28,P28) -> 0.059945335
D29: 0.104 | E29: 0.10464426 | F29: 0.1052925 | G29: 0.10594477 | H29: 0.10660107 | I29: 0.10726144 | J29: 0.1079259 | K29: 0.10859448 | L29: 0.1092672 | M29: 0.10994408 | N29: 0.11062516 | O29: 0.11131046 | P29: 0.112
A30: Russia | B30: 0.062 | C30: =B30*C16 -> 84.7385 | D30: =C30*(1+D29) -> 93.551304 | E30: =D30*(1+E29) -> 103.34091 | F30: =E30*(1+F29) -> 114.22193 | G30: =F30*(1+G29) -> 126.32315 | H30: =G30*(1+H29) -> 139.78933 | I30: =H30*(1+I29) -> 154.78334 | J30: =I30*(1+J29) -> 171.48847 | K30: =J30*(1+K29) -> 190.11117 | ... P30: =O30*(1+P29) -> 321.257 | Q30: =RATE(9,,-G30,P30) -> 0.10927972
D31: 0.106 | E31: 0.10753783 | F31: 0.10909796 | G31: 0.11068074 | H31: 0.11228647 | I31: 0.1139155 | J31: 0.11556816 | K31: 0.1172448 | L31: 0.11894577 | M31: 0.12067141 | N31: 0.12242208 | O31: 0.12419816 | P31: 0.126
A32: Rest EU | B32: =1-SUM(B18+B20+B22+B24+B26+B28+B30) -> 0.136 | C32: =B32*C16 -> 185.878 | D32: =C32*(1+D25) -> 199.81885 | E32: =D32*(1+E25) -> 215.06259 | F32: =E32*(1+F25) -> 231.75096 | G32: =F32*(1+G25) -> 250.0431 | H32: =G32*(1+H25) -> 270.11792 | I32: =H32*(1+I25) -> 292.17683 | J32: =I32*(1+J25) -> 316.44686 | K32: =J32*(1+K25) -> 343.18426 | ... P32: =O32*(1+P25) -> 525.47818 | Q32: =RATE(9,,-G32,P32) -> 0.086019835
B33: =B18+B20+B22+B24+B26+B28+B30+B32 -> 1
A34: Latin America | B34: =B5 -> 0.1 | C34: =B34*E3 -> 546.7 | D34: =D36+D38+D42+D40 -> 612.44614 | E34: =E36+E38+E42+E40 -> 685.32809 | F34: =F36+F38+F42+F40 -> 768.2526 | G34: =G36+G38+G42+G40 -> 862.77822 | H34: =H36+H38+H42+H40 -> 970.73126 | I34: =I36+I38+I42+I40 -> 1094.2562 | J34: =J36+J38+J42+J40 -> 1235.8761 | K34: =K36+K38+K42+K40 -> 1398.5661 | ... P34: =P36+P38+P42+P40 -> 2676.6986 | Q34: =RATE(9,,-G34,P34) -> 0.13405304
D35: 0.103 | E35: 0.10467508 | F35: 0.1063774 | G35: 0.1081074 | H35: 0.10986554 | I35: 0.11165227 | J35: 0.11346806 | K35: 0.11531338 | L35: 0.1171887 | M35: 0.11909453 | N35: 0.12103135 | O35: 0.12299967 | P35: 0.125
A36: Brazil | B36: 0.24 | C36: =B36*C34 -> 131.208 | D36: =C36*(1+D29) -> 144.85363 | E36: =D36*(1+E35) -> 160.0162 | F36: =E36*(1+F35) -> 177.0383 | G36: =F36*(1+G35) -> 196.17745 | H36: =G36*(1+H35) -> 217.7306 | I36: =H36*(1+I35) -> 242.04071 | J36: =I36*(1+J35) -> 269.5046 | K36: =J36*(1+K35) -> 300.58209 | L36: =K36*(1+L35) -> 335.80691 | ... P36: =O36*(1+P35) -> 532.23853 | Q36: =RATE(9,,-G36,P36) -> 0.11727971
D37: 0.082 | E37: 0.082790089 | F37: 0.083587791 | G37: 0.084393179 | H37: 0.085206327 | I37: 0.08602731 | J37: 0.086856203 | K37: 0.087693083 | L37: 0.088538026 | M37: 0.089391111 | N37: 0.090252415 | O37: 0.091122018 | P37: 0.092
A38: Argentina | B38: 0.12 | C38: =B38*C34 -> 65.604 | D38: =C38*(1+D31) -> 72.558024 | E38: =D38*(1+E37) -> 78.565109 | F38: =E38*(1+F37) -> 85.132193 | G38: =F38*(1+G37) -> 92.31677 | H38: =G38*(1+H37) -> 100.18274 | I38: =H38*(1+I37) -> 108.80119 | J38: =I38*(1+J37) -> 118.25125 | K38: =J38*(1+K37) -> 128.62107 | L38: =K38*(1+L37) -> 140.00893 | ... P38: =O38*(1+P37) -> 198.13562 | Q38: =RATE(9,,-G38,P38) -> 0.088562958
D39: 0.152 | E39: 0.15429881 | F39: 0.15663238 | G39: 0.15900125 | H39: 0.16140594 | I39: 0.163847 | J39: 0.16632498 | K39: 0.16884044 | L39: 0.17139394 | M39: 0.17398605 | N39: 0.17661737 | O39: 0.17928849 | P39: 0.182
A40: Mexico | B40: 0.15 | C40: =B40*C34 -> 82.005 | D40: =C40*(1+D39) -> 94.46976 | E40: =D40*(1+E39) -> 109.04633 | F40: =E40*(1+F39) -> 126.12652 | G40: =F40*(1+G39) -> 146.18079 | H40: =G40*(1+H39) -> 169.77524 | I40: =H40*(1+I39) -> 197.59241 | J40: =I40*(1+J39) -> 230.45696 | K40: =J40*(1+K39) -> 269.36741 | ... P40: =O40*(1+P39) -> 607.55242 | Q40: =RATE(9,,-G40,P40) -> 0.17150384
D41: 0.122 | E41: 0.12355316 | F41: 0.1251261 | G41: 0.12671906 | H41: 0.12833231 | I41: 0.12996609 | J41: 0.13162067 | K41: 0.13329631 | L41: 0.13499329 | M41: 0.13671187 | N41: 0.13845233 | O41: 0.14021494 | P41: 0.142
A42: Rest LA | B42: =1-SUM(B36+B38+B40) -> 0.49 | C42: =B42*C34 -> 267.883 | D42: =C42*(1+D41) -> 300.56473 | E42: =D42*(1+E41) -> 337.70045 | F42: =E42*(1+F41) -> 379.95559 | G42: =F42*(1+G41) -> 428.10321 | H42: =G42*(1+H41) -> 483.04268 | I42: =H42*(1+I41) -> 545.82185 | J42: =I42*(1+J41) -> 617.66328 | K42: =J42*(1+K41) -> 699.99552 | ... P42: =O42*(1+P41) -> 1338.772 | Q42: =RATE(9,,-G42,P42) -> 0.13505674
B43: =B36+B38+B40+B42 -> 1
A44: APAC | B44: =B4 -> 0.234 | C44: =B44*E3 -> 1279.278 | D44: =D46+D48+D50+D52+D54 -> 1438.0236 | E44: =E46+E48+E50+E52+E54 -> 1614.2144 | F44: =F46+F48+F50+F52+F54 -> 1812.2815 | G44: =G46+G48+G50+G52+G54 -> 2034.9743 | H44: =H46+H48+H50+H52+H54 -> 2285.4047 | I44: =I46+I48+I50+I52+I54 -> 2567.1 | J44: =J46+J48+J50+J52+J54 -> 2884.066 | K44: =K46+K48+K50+K52+K54 -> 3240.8589 | ... P44: =P46+P48+P50+P52+P54 -> 5832.4582 | Q44: =RATE(9,,-G44,P44) -> 0.12411385
D45: 0.135 | E45: 0.13634093 | F45: 0.13769518 | G45: 0.13906288 | H45: 0.14044417 | I45: 0.14183917 | J45: 0.14324804 | K45: 0.14467089 | L45: 0.14610788 | M45: 0.14755915 | N45: 0.14902482 | O45: 0.15050506 | P45: 0.152
A46: China | B46: 0.27 | C46: =B46*C44 -> 345.40506 | D46: =C46*(1+D39) -> 397.90663 | E46: =D46*(1+E45) -> 452.15759 | F46: =E46*(1+F45) -> 514.41751 | G46: =F46*(1+G45) -> 585.95389 | H46: =G46*(1+H45) -> 668.2477 | I46: =H46*(1+I45) -> 763.0314 | J46: =I46*(1+J45) -> 872.33415 | K46: =J46*(1+K45) -> 998.53551 | L46: =K46*(1+L45) -> 1144.4294 | ... P46: =O46*(1+P45) -> 2000.0208 | Q46: =RATE(9,,-G46,P46) -> 0.1461494
D47: 0.089 | E47: 0.090016928 | F47: 0.091045475 | G47: 0.092085775 | H47: 0.093137962 | I47: 0.09420217 | J47: 0.095278539 | K47: 0.096367206 | L47: 0.097468313 | M47: 0.098582001 | N47: 0.099708415 | O47: 0.1008477 | P47: 0.102
A48: India | B48: 0.15 | C48: =B48*C44 -> 191.8917 | D48: =C48*(1+D41) -> 215.30249 | E48: =D48*(1+E47) -> 234.68336 | F48: =E48*(1+F47) -> 256.05021 | G48: =F48*(1+G47) -> 279.6288 | H48: =G48*(1+H47) -> 305.67285 | I48: =H48*(1+I47) -> 334.4679 | J48: =I48*(1+J47) -> 366.33551 | K48: =J48*(1+K47) -> 401.63824 | L48: =K48*(1+L47) -> 440.78524 | ... P48: =O48*(1+P47) -> 646.01992 | Q48: =RATE(9,,-G48,P48) -> 0.097506529
D49: 0.152 | E49: 0.14903504 | F49: 0.14612792 | G49: 0.1432775 | H49: 0.14048269 | I49: 0.13774239 | J49: 0.13505554 | K49: 0.13242111 | L49: 0.12983806 | M49: 0.1273054 | N49: 0.12482214 | O49: 0.12238732 | P49: 0.12
A50: Japan | B50: 0.15 | C50: =B50*C44 -> 191.8917 | D50: =C50*(1+D49) -> 221.05924 | E50: =D50*(1+E49) -> 254.00481 | F50: =E50*(1+F49) -> 291.12201 | G50: =F50*(1+G49) -> 332.83324 | H50: =G50*(1+H49) -> 379.59055 | I50: =H50*(1+I49) -> 431.87626 | J50: =I50*(1+J49) -> 490.20354 | K50: =J50*(1+K49) -> 555.11684 | ... P50: =O50*(1+P49) -> 999.73943 | Q50: =RATE(9,,-G50,P50) -> 0.12998674
D51: 0.132 | E51: 0.13280573 | F51: 0.13361637 | G51: 0.13443196 | H51: 0.13525253 | I51: 0.13607811 | J51: 0.13690873 | K51: 0.13774442 | L51: 0.13858521 | M51: 0.13943113 | N51: 0.14028221 | O51: 0.14113849 | P51: 0.142
A52: Australia | B52: 0.08 | C52: =B52*C44 -> 102.34224 | D52: =C52*(1+D45) -> 116.15844 | E52: =D52*(1+E51) -> 131.58495 | F52: =E52*(1+F51) -> 149.16685 | G52: =F52*(1+G51) -> 169.21964 | H52: =G52*(1+H51) -> 192.10703 | I52: =H52*(1+I51) -> 218.24859 | J52: =I52*(1+J51) -> 248.12873 | K52: =J52*(1+K51) -> 282.30708 | L52: =K52*(1+L51) -> 321.43066 | ... P52: =O52*(1+P51) -> 544.24217 | Q52: =RATE(9,,-G52,P52) -> 0.13860023
D53: 0.112 | E53: 0.11113048 | F53: 0.11026772 | G53: 0.10941165 | H53: 0.10856223 | I53: 0.1077194 | J53: 0.10688311 | K53: 0.10605332 | L53: 0.10522997 | M53: 0.10441301 | N53: 0.1036024 | O53: 0.10279808 | P53: 0.102
A54: Rest | B54: =1-SUM(B46+B48+B50+B52) -> 0.35 | C54: =B54*C44 -> 447.7473 | D54: =C54*(1+D47) -> 487.59681 | E54: =D54*(1+E53) -> 541.78368 | F54: =E54*(1+F53) -> 601.52493 | G54: =F54*(1+G53) -> 667.33876 | H54: =G54*(1+H53) -> 739.78654 | I54: =H54*(1+I53) -> 819.4759 | J54: =I54*(1+J53) -> 907.06404 | K54: =J54*(1+K53) -> 1003.2612 | L54: =K54*(1+L53) -> 1108.8343 | ... P54: =O54*(1+P53) -> 1642.4358 | Q54: =RATE(9,,-G54,P54) -> 0.10524925
B55: =B46+B48+B50+B52+B54 -> 1
A56: MEA | B56: =1-SUM(B10+B16+B34+B44) -> 0.052 | C56: =E3*B56 -> 284.284 | D56: =D58+D60+D62+D64 -> 307.08358 | E56: =E58+E60+E62+E64 -> 324.44817 | F56: =F58+F60+F62+F64 -> 342.9758 | G56: =G58+G60+G62+G64 -> 362.75617 | H56: =H58+H60+H62+H64 -> 383.88681 | I56: =I58+I60+I62+I64 -> 406.47385 | J56: =J58+J60+J62+J64 -> 430.63285 | K56: =K58+K60+K62+K64 -> 456.48976 | ... P56: =P58+P60+P62+P64 -> 616.51802 | Q56: =RATE(9,,-G56,P56) -> 0.060699415
D57: 0.056 | E57: 0.056400529 | F57: 0.056803923 | G57: 0.057210202 | H57: 0.057619386 | I57: 0.058031498 | J57: 0.058446557 | K57: 0.058864584 | L57: 0.059285602 | M57: 0.05970963 | N57: 0.060136692 | O57: 0.060566808 | P57: 0.061
A58: GCC | B58: 0.2 | C58: =B58*C56 -> 56.8568 | D58: =C58*(1+D51) -> 64.361898 | E58: =D58*(1+E57) -> 67.991943 | F58: =E58*(1+F57) -> 71.854152 | G58: =F58*(1+G57) -> 75.964942 | H58: =G58*(1+H57) -> 80.341996 | I58: =H58*(1+I57) -> 85.004362 | J58: =I58*(1+J57) -> 89.972574 | K58: =J58*(1+K57) -> 95.268772 | L58: =K58*(1+L57) -> 100.91684 | ... P58: =O58*(1+P57) -> 127.57507 | Q58: =RATE(9,,-G58,P58) -> 0.059295078
D59: 0.062 | E59: 0.062777414 | F59: 0.063564576 | G59: 0.064361609 | H59: 0.065168635 | I59: 0.065985781 | J59: 0.066813172 | K59: 0.067650939 | L59: 0.06849921 | M59: 0.069358117 | N59: 0.070227794 | O59: 0.071108376 | P59: 0.072
A60: Israel | B60: 0.1 | C60: =B60*C56 -> 28.4284 | D60: =C60*(1+D53) -> 31.612381 | E60: =D60*(1+E59) -> 33.596924 | F60: =E60*(1+F59) -> 35.732499 | G60: =F60*(1+G59) -> 38.0323 | H60: =G60*(1+H59) -> 40.510813 | I60: =H60*(1+I59) -> 43.18395 | J60: =I60*(1+J59) -> 46.069207 | K60: =J60*(1+K59) -> 49.185832 | L60: =K60*(1+L59) -> 52.555023 | ... P60: =O60*(1+P59) -> 69.062425 | Q60: =RATE(9,,-G60,P60) -> 0.068532395
D61: 0.073 | E61: 0.073710684 | F61: 0.074428287 | G61: 0.075152877 | H61: 0.07588452 | I61: 0.076623286 | J61: 0.077369245 | K61: 0.078122465 | L61: 0.078883019 | M61: 0.079650976 | N61: 0.080426411 | O61: 0.081209394 | P61: 0.082
A62: South Africa | B62: 0.2 | C62: =B62*C56 -> 56.8568 | D62: =C62*(1+D61) -> 61.007346 | E62: =D62*(1+E61) -> 65.50424 | F62: =E62*(1+F61) -> 70.379608 | G62: =F62*(1+G61) -> 75.668838 | H62: =G62*(1+H61) -> 81.410931 | I62: =H62*(1+I61) -> 87.648905 | J62: =I62*(1+J61) -> 94.430234 | K62: =J62*(1+K61) -> 101.80736 | ... P62: =O62*(1+P61) -> 149.88879 | Q62: =RATE(9,,-G62,P62) -> 0.078905896
D63: 0.048 | E63: 0.048321241 | F63: 0.048644632 | G63: 0.048970187 | H63: 0.049297921 | I63: 0.049627849 | J63: 0.049959984 | K63: 0.050294342 | L63: 0.050630938 | M63: 0.050969787 | N63: 0.051310903 | O63: 0.051654302 | P63: 0.052
A64: Rest | B64: =1-SUM(B58+B60+B62) -> 0.5 | C64: =B64*C56 -> 142.142 | D64: =C64*(1+D57) -> 150.10195 | E64: =D64*(1+E63) -> 157.35506 | F64: =E64*(1+F63) -> 165.00954 | G64: =F64*(1+G63) -> 173.09009 | H64: =G64*(1+H63) -> 181.62307 | I64: =H64*(1+I63) -> 190.63664 | J64: =I64*(1+J63) -> 200.16084 | K64: =J64*(1+K63) -> 210.2278 | L64: =K64*(1+L63) -> 220.87183 | ... P64: =O64*(1+P63) -> 269.99173 | Q64: =RATE(9,,-G64,P64) -> 0.050638085
B65: =B58+B60+B62+B64 -> 1

Sheet North America
A2: North America Blood Culture Test Market, 2023-36 (USD Million)
D12: 2023 | E12: 2024 | F12: 2025 | G12: 2026 | H12: 2027 | I12: 2028 | J12: 2029 | K12: 2030 | L12: 2031 | M12: 2032 | N12: 2033 | O12: 2034 | P12: 2035 | Q12: 2036 | R12: CAGR (2024-2036)
D13: =D38+D64 -> 1989.988 | E13: =E38+E64 -> 2271.4121 | F13: =F38+F64 -> 2596.1078 | G13: =G38+G64 -> 2971.2332 | H13: =H38+H64 -> 3405.2109 | I13: =I38+I64 -> 3907.9649 | J13: =J38+J64 -> 4491.2043 | K13: =K38+K64 -> 5168.7645 | ... Q13: =Q38+Q64 -> 12380.481 | R13: =RATE(12,,-E13,Q13) -> 0.15178159 | T13: 2023 | U13: 2024 | V13: 2025 | W13: 2026 | X13: 2027 | Y13: 2028 | Z13: 2029 | AA13: 2030 | AB13: 2031 | AC13: 2032 | AD13: 2033 | AE13: 2034 | AF13: 2035 | AG13: 2036
A14: Test Type | B14: Phenotypic AST | D14: =D39+D65 -> 1114.3933 | E14: =E39+E65 -> 1274.0841 | F14: =F39+F65 -> 1458.6095 | G14: =G39+G65 -> 1672.1191 | H14: =H39+H65 -> 1919.5023 | I14: =I39+I65 -> 2206.5279 | J14: =J39+J65 -> 2540.0117 | K14: =K39+K65 -> 2928.0184 | ... Q14: =Q39+Q65 -> 7082.8733 | R14: =RATE(12,,-E14,Q14) -> 0.15367712 | S14: Phenotypic AST | T14: 0.56 | U14: 0.56092161 | V14: 0.56184474 | W14: 0.56276939 | X14: 0.56369557 | Y14: 0.56462326 | Z14: 0.56555248 | AA14: 0.56648323 | AB14: 0.56741552 | AC14: 0.56834934 | AD14: 0.56928469 | AE14: 0.57022158 | AF14: 0.57116002 | AG14: 0.5721
B15: Genotypic AST | D15: =D40+D66 -> 875.59472 | E15: =E40+E66 -> 997.32796 | F15: =F40+F66 -> 1137.4983 | G15: =G40+G66 -> 1299.1141 | H15: =H40+H66 -> 1485.7086 | I15: =I40+I66 -> 1701.437 | J15: =J40+J66 -> 1951.1926 | K15: =K40+K66 -> 2240.7461 | ... Q15: =Q40+Q66 -> 5297.6079 | R15: =RATE(12,,-E15,Q15) -> 0.14930903 | S15: Genotypic AST | T15: =1-T14 -> 0.44 | U15: =1-U14 -> 0.43907839 | V15: =1-V14 -> 0.43815526 | W15: =1-W14 -> 0.43723061 | X15: =1-X14 -> 0.43630443 | Y15: =1-Y14 -> 0.43537674 | Z15: =1-Z14 -> 0.43444752 | AA15: =1-AA14 -> 0.43351677 | ... AG15: =1-AG14 -> 0.4279
A17: Product | B17: Instruments | D17: =D42+D68 -> 937.28435 | E17: =E42+E68 -> 1068.4373 | F17: =F42+F68 -> 1219.5715 | G17: =G42+G68 -> 1393.9655 | H17: =H42+H68 -> 1595.4723 | I17: =I42+I68 -> 1828.6269 | J17: =J42+J68 -> 2098.7743 | K17: =K42+K68 -> 2412.2226 | ... Q17: =Q42+Q68 -> 5732.1628 | R17: =RATE(12,,-E17,Q17) -> 0.15026381 | S17: Instruments | T17: 0.471 | U17: 0.47038462 | V17: 0.46976923 | W17: 0.46915385 | X17: 0.46853846 | Y17: 0.46792308 | Z17: 0.46730769 | AA17: 0.46669231 | AB17: 0.46607692 | AC17: 0.46546154 | AD17: 0.46484615 | AE17: 0.46423077 | AF17: 0.46361538 | AG17: 0.463
B18: Consumables | D18: =D43+D69 -> 1052.7037 | E18: =E43+E69 -> 1202.9748 | F18: =F43+F69 -> 1376.5362 | G18: =G43+G69 -> 1577.2677 | H18: =H43+H69 -> 1809.7386 | I18: =I43+I69 -> 2079.3379 | J18: =J43+J69 -> 2392.43 | K18: =K43+K69 -> 2756.5419 | ... Q18: =Q43+Q69 -> 6648.3184 | R18: =RATE(12,,-E18,Q18) -> 0.15311142 | S18: Consumables | T18: =1-T17 -> 0.529 | U18: =1-U17 -> 0.52961538 | V18: =1-V17 -> 0.53023077 | W18: =1-W17 -> 0.53084615 | X18: =1-X17 -> 0.53146154 | Y18: =1-Y17 -> 0.53207692 | Z18: =1-Z17 -> 0.53269231 | AA18: =1-AA17 -> 0.53330769 | ... AG18: =1-AG17 -> 0.537
A20: Method | B20: Conventional | D20: =D45+D71 -> 797.98519 | E20: =E45+E71 -> 914.58614 | F20: =F45+F71 -> 1049.6287 | G20: =G45+G71 -> 1206.2408 | H20: =H45+H71 -> 1388.1155 | I20: =I45+I71 -> 1599.619 | J20: =J45+J71 -> 1845.9206 | K20: =K45+K71 -> 2133.1494 | ... Q20: =Q45+Q71 -> 5236.9435 | R20: =RATE(12,,-E20,Q20) -> 0.15652344 | S20: Conventional | T20: 0.401 | U20: 0.40265091 | V20: 0.40430861 | W20: 0.40597313 | X20: 0.40764451 | Y20: 0.40932277 | Z20: 0.41100794 | AA20: 0.41270005 | AB20: 0.41439913 | AC20: 0.4161052 | AD20: 0.41781829 | AE20: 0.41953843 | AF20: 0.42126566 | AG20: 0.423
B21: Automated | D21: =D46+D72 -> 1192.0028 | E21: =E46+E72 -> 1356.826 | F21: =F46+F72 -> 1546.479 | G21: =G46+G72 -> 1764.9923 | H21: =H46+H72 -> 2017.0954 | I21: =I46+I72 -> 2308.3458 | J21: =J46+J72 -> 2645.2836 | K21: =K46+K72 -> 3035.6151 | ... Q21: =Q46+Q72 -> 7143.5376 | R21: =RATE(12,,-E21,Q21) -> 0.14845972 | S21: Automated | T21: =1-T20 -> 0.599 | U21: =1-U20 -> 0.59734909 | V21: =1-V20 -> 0.59569139 | W21: =1-W20 -> 0.59402687 | X21: =1-X20 -> 0.59235549 | Y21: =1-Y20 -> 0.59067723 | Z21: =1-Z20 -> 0.58899206 | AA21: =1-AA20 -> 0.58729995 | ... AG21: =1-AG20 -> 0.577
A23: Technology | B23: Culture-Based | D23: =D48+D74 -> 497.497 | E23: =E48+E74 -> 571.3872 | F23: =F48+F74 -> 657.13083 | G23: =G48+G74 -> 756.76393 | H23: =H48+H74 -> 872.69455 | I23: =I48+I74 -> 1007.7747 | J23: =J48+J74 -> 1165.387 | K23: =K48+K74 -> 1349.5491 | ... Q23: =Q48+Q74 -> 3355.1104 | R23: =RATE(12,,-E23,Q23) -> 0.15894998 | S23: Culture-Based | T23: 0.25 | U23: 0.25155594 | V23: 0.25312155 | W23: 0.25469692 | X23: 0.25628209 | Y23: 0.25787712 | Z23: 0.25948208 | AA23: 0.26109703 | AB23: 0.26272203 | AC23: 0.26435714 | AD23: 0.26600243 | AE23: 0.26765796 | AF23: 0.2693238 | AG23: 0.271
B24: Molecular Technology | D24: =D49+D75 -> 756.19544 | E24: =E49+E75 -> 865.20333 | F24: =F49+F75 -> 991.25095 | G24: =G49+G75 -> 1137.1985 | H24: =H49+H75 -> 1306.4182 | I24: =I49+I75 -> 1502.8911 | J24: =J49+J75 -> 1731.3239 | K24: =K49+K75 -> 1997.289 | ... Q24: =Q49+Q75 -> 4853.1486 | R24: =RATE(12,,-E24,Q24) -> 0.15453947 | S24: Molecular Technology | T24: 0.38 | U24: 0.38090989 | V24: 0.38182196 | W24: 0.38273621 | X24: 0.38365265 | Y24: 0.38457129 | Z24: 0.38549212 | AA24: 0.38641516 | AB24: 0.38734041 | AC24: 0.38826788 | AD24: 0.38919756 | AE24: 0.39012948 | AF24: 0.39106362 | AG24: 0.392
B25: PCR | D25: =D50+D76 -> 264.6684 | E25: =E50+E76 -> 302.28983 | F25: =F50+F76 -> 345.72141 | G25: =G50+G76 -> 395.92804 | H25: =H50+H76 -> 454.04563 | I25: =I50+I76 -> 521.41329 | J25: =J50+J76 -> 599.61187 | K25: =K50+K76 -> 690.51023 | ... Q25: =Q50+Q76 -> 1660.2621 | R25: =RATE(12,,-E25,Q25) -> 0.15251369 | S25: PCR | T25: 0.35 | U25: 0.34938588 | V25: 0.34877285 | W25: 0.34816088 | X25: 0.34754999 | Y25: 0.34694018 | Z25: 0.34633143 | AA25: 0.34572375 | AB25: 0.34511714 | AC25: 0.34451159 | AD25: 0.3439071 | AE25: 0.34330368 | AF25: 0.34270131 | AG25: 0.3421
B26: Microarray | D26: =D51+D77 -> 211.73472 | E26: =E51+E77 -> 243.10413 | F26: =F51+F77 -> 279.4949 | G26: =G51+G77 -> 321.76788 | H26: =H51+H77 -> 370.94092 | I26: =I51+I77 -> 428.21921 | J26: =J51+J77 -> 495.03178 | K26: =K51+K77 -> 573.07543 | ... Q26: =Q51+Q77 -> 1421.9725 | R26: =RATE(12,,-E26,Q26) -> 0.15857701 | S26: Microarray | T26: 0.28 | U26: 0.28097919 | V26: 0.2819618 | W26: 0.28294785 | X26: 0.28393735 | Y26: 0.2849303 | Z26: 0.28592673 | AA26: 0.28692665 | AB26: 0.28793006 | AC26: 0.28893698 | AD26: 0.28994742 | AE26: 0.2909614 | AF26: 0.29197892 | AG26: 0.293
B27: PNA-FISH | D27: =D52+D78 -> 279.79231 | E27: =E52+E78 -> 319.80937 | F27: =F52+F78 -> 366.03463 | G27: =G52+G78 -> 419.50261 | H27: =H52+H78 -> 481.43164 | I27: =I52+I78 -> 553.25857 | J27: =J52+J78 -> 636.68022 | K27: =K52+K78 -> 733.70331 | ... Q27: =Q52+Q78 -> 1770.9139 | R27: =RATE(12,,-E27,Q27) -> 0.15329973 | S27: PNA-FISH | T27: =1-SUM(T25:T26) -> 0.37 | U27: =1-SUM(U25:U26) -> 0.36963493 | V27: =1-SUM(V25:V26) -> 0.36926535 | W27: =1-SUM(W25:W26) -> 0.36889127 | X27: =1-SUM(X25:X26) -> 0.36851266 | Y27: =1-SUM(Y25:Y26) -> 0.36812952 | Z27: =1-SUM(Z25:Z26) -> 0.36774184 | AA27: =1-SUM(AA25:AA26) -> 0.3673496 | ... AG27: =1-SUM(AG25:AG26) -> 0.3649
B28: Proteomic Technologies | D28: =D53+D79 -> 736.29556 | E28: =E53+E79 -> 834.82157 | F28: =F53+F79 -> 947.72598 | G28: =G53+G79 -> 1077.2707 | H28: =H53+H79 -> 1226.0982 | I28: =I53+I79 -> 1397.2991 | J28: =J53+J79 -> 1594.4934 | K28: =K53+K79 -> 1821.9265 | ... Q28: =Q53+Q79 -> 4172.2221 | R28: =RATE(12,,-E28,Q28) -> 0.14348678 | S28: Proteomic Technologies | T28: =1-SUM(T23+T24) -> 0.37 | U28: =1-SUM(U23+U24) -> 0.36753418 | V28: =1-SUM(V23+V24) -> 0.36505649 | W28: =1-SUM(W23+W24) -> 0.36256687 | X28: =1-SUM(X23+X24) -> 0.36006526 | Y28: =1-SUM(Y23+Y24) -> 0.3575516 | Z28: =1-SUM(Z23+Z24) -> 0.3550258 | AA28: =1-SUM(AA23+AA24) -> 0.35248781 | ... AG28: =1-SUM(AG23+AG24) -> 0.337
A30: Application | B30: Bacteremia | D30: =D55+D81 -> 797.98519 | E30: =E55+E81 -> 914.58614 | F30: =F55+F81 -> 1049.6287 | G30: =G55+G81 -> 1206.2408 | H30: =H55+H81 -> 1388.1155 | I30: =I55+I81 -> 1599.619 | J30: =J55+J81 -> 1845.9206 | K30: =K55+K81 -> 2133.1494 | ... Q30: =Q55+Q81 -> 5236.9435 | R30: =RATE(12,,-E30,Q30) -> 0.15652344 | S30: Bacteremia | T30: 0.401 | U30: 0.40265091 | V30: 0.40430861 | W30: 0.40597313 | X30: 0.40764451 | Y30: 0.40932277 | Z30: 0.41100794 | AA30: 0.41270005 | AB30: 0.41439913 | AC30: 0.4161052 | AD30: 0.41781829 | AE30: 0.41953843 | AF30: 0.42126566 | AG30: 0.423
B31: Fungemia | D31: =D56+D82 -> 857.68483 | E31: =E56+E82 -> 980.8783 | F31: =F56+F82 -> 1123.2692 | G31: =G56+G82 -> 1288.0709 | H31: =H56+H82 -> 1479.0709 | I31: =I56+I82 -> 1700.7385 | J31: =J56+J82 -> 1958.3559 | K31: =K56+K82 -> 2258.1744 | ... Q31: =Q56+Q82 -> 5472.1727 | R31: =RATE(12,,-E31,Q31) -> 0.1540166 | S31: Fungemia | T31: 0.431 | U31: 0.43183635 | V31: 0.43267432 | W31: 0.43351391 | X31: 0.43435514 | Y31: 0.43519799 | Z31: 0.43604249 | AA31: 0.43688862 | AB31: 0.43773639 | AC31: 0.43858581 | AD31: 0.43943688 | AE31: 0.4402896 | AF31: 0.44114397 | AG31: 0.442
B32: Mycobacterial Infection | D32: =D57+D83 -> 334.31798 | E32: =E57+E83 -> 375.94766 | F32: =F57+F83 -> 423.2099 | G32: =G57+G83 -> 476.92141 | H32: =H57+H83 -> 538.02451 | I32: =I57+I83 -> 607.60737 | J32: =J57+J83 -> 686.92776 | K32: =K57+K83 -> 777.44074 | ... Q32: =Q57+Q83 -> 1671.365 | R32: =RATE(12,,-E32,Q32) -> 0.13238817 | S32: Mycobacterial Infection | T32: =1-SUM(T30:T31) -> 0.168 | U32: =1-SUM(U30:U31) -> 0.16551275 | V32: =1-SUM(V30:V31) -> 0.16301708 | W32: =1-SUM(W30:W31) -> 0.16051295 | X32: =1-SUM(X30:X31) -> 0.15800035 | Y32: =1-SUM(Y30:Y31) -> 0.15547923 | Z32: =1-SUM(Z30:Z31) -> 0.15294957 | AA32: =1-SUM(AA30:AA31) -> 0.15041133 | ... AG32: =1-SUM(AG30:AG31) -> 0.135
A35: US Blood Culture Test Market
D37: 2023 | E37: 2024 | F37: 2025 | G37: 2026 | H37: 2027 | I37: 2028 | J37: 2029 | K37: 2030 | L37: 2031 | M37: 2032 | N37: 2033 | O37: 2034 | P37: 2035 | Q37: 2036 | R37: CAGR (2024-2036)
D38: ='Market Analysis'!C12 -> 1874.5687 | E38: ='Market Analysis'!D12 -> 2140.7575 | F38: ='Market Analysis'!E12 -> 2448.1014 | G38: ='Market Analysis'!F12 -> 2803.4508 | H38: ='Market Analysis'!G12 -> 3214.8732 | I38: ='Market Analysis'!H12 -> 3691.8835 | J38: ='Market Analysis'!I12 -> 4245.719 | K38: ='Market Analysis'!J12 -> 4889.6701 | ... Q38: ='Market Analysis'!P12 -> 11768.319 | R38: =RATE(12,,-E38,Q38) -> 0.15260079 | T38: 2023 | U38: 2024 | V38: 2025 | W38: 2026 | X38: 2027 | Y38: 2028 | Z38: 2029 | AA38: 2030 | AB38: 2031 | AC38: 2032 | AD38: 2033 | AE38: 2034 | AF38: 2035 | AG38: 2036
A39: Test Type | B39: Phenotypic AST | D39: =D38*T39 -> 1049.7585 | E39: =E38*U39 -> 1200.7971 | F39: =F38*V39 -> 1375.4529 | G39: =G38*W39 -> 1577.6963 | H39: =H38*X39 -> 1812.2098 | I39: =I38*Y39 -> 2084.5233 | J39: =J38*Z39 -> 2401.1769 | K39: =K38*AA39 -> 2769.9161 | ... Q39: =Q38*AG39 -> 6732.6554 | R39: =RATE(12,,-E39,Q39) -> 0.15449767 | S39: Phenotypic AST | T39: 0.56 | U39: 0.56092161 | V39: 0.56184474 | W39: 0.56276939 | X39: 0.56369557 | Y39: 0.56462326 | Z39: 0.56555248 | AA39: 0.56648323 | AB39: 0.56741552 | AC39: 0.56834934 | AD39: 0.56928469 | AE39: 0.57022158 | AF39: 0.57116002 | AG39: 0.5721
B40: Genotypic AST | D40: =D38*T40 -> 824.81023 | E40: =E38*U40 -> 939.96033 | F40: =F38*V40 -> 1072.6485 | G40: =G38*W40 -> 1225.7545 | H40: =H38*X40 -> 1402.6634 | I40: =I38*Y40 -> 1607.3602 | J40: =J38*Z40 -> 1844.5421 | K40: =K38*AA40 -> 2119.754 | ... Q40: =Q38*AG40 -> 5035.6638 | R40: =RATE(12,,-E40,Q40) -> 0.15012647 | S40: Genotypic AST | T40: =1-T39 -> 0.44 | U40: =1-U39 -> 0.43907839 | V40: =1-V39 -> 0.43815526 | W40: =1-W39 -> 0.43723061 | X40: =1-X39 -> 0.43630443 | Y40: =1-Y39 -> 0.43537674 | Z40: =1-Z39 -> 0.43444752 | AA40: =1-AA39 -> 0.43351677 | ... AG40: =1-AG39 -> 0.4279
A42: Product | B42: Instruments | D42: =D38*T42 -> 882.92186 | E42: =E38*U42 -> 1006.9794 | F42: =F38*V42 -> 1150.0427 | G42: =G38*W42 -> 1315.2497 | H42: =H38*X42 -> 1506.2917 | I42: =I38*Y42 -> 1727.5175 | J42: =J38*Z42 -> 1984.0571 | K42: =K38*AA42 -> 2281.9714 | ... Q42: =Q38*AG42 -> 5448.7318 | R42: =RATE(12,,-E42,Q42) -> 0.15108194 | S42: Instruments | T42: 0.471 | U42: 0.47038462 | V42: 0.46976923 | W42: 0.46915385 | X42: 0.46853846 | Y42: 0.46792308 | Z42: 0.46730769 | AA42: 0.46669231 | AB42: 0.46607692 | AC42: 0.46546154 | AD42: 0.46484615 | AE42: 0.46423077 | AF42: 0.46361538 | AG42: 0.463
B43: Consumables | D43: =D38*T43 -> 991.64684 | E43: =E38*U43 -> 1133.7781 | F43: =F38*V43 -> 1298.0587 | G43: =G38*W43 -> 1488.2011 | H43: =H38*X43 -> 1708.5814 | I43: =I38*Y43 -> 1964.366 | J43: =J38*Z43 -> 2261.6618 | K43: =K38*AA43 -> 2607.6987 | ... Q43: =Q38*AG43 -> 6319.5874 | R43: =RATE(12,,-E43,Q43) -> 0.15393157 | S43: Consumables | T43: =1-T42 -> 0.529 | U43: =1-U42 -> 0.52961538 | V43: =1-V42 -> 0.53023077 | W43: =1-W42 -> 0.53084615 | X43: =1-X42 -> 0.53146154 | Y43: =1-Y42 -> 0.53207692 | Z43: =1-Z42 -> 0.53269231 | AA43: =1-AA42 -> 0.53330769 | ... AG43: =1-AG42 -> 0.537
A45: Method | B45: Conventional | D45: =D38*T45 -> 751.70205 | E45: =E38*U45 -> 861.97793 | F45: =F38*V45 -> 989.78848 | G45: =G38*W45 -> 1138.1257 | H45: =H38*X45 -> 1310.5254 | I45: =I38*Y45 -> 1511.172 | J45: =J38*Z45 -> 1745.0242 | K45: =K38*AA45 -> 2017.9671 | ... Q45: =Q38*AG45 -> 4977.999 | R45: =RATE(12,,-E45,Q45) -> 0.15734602 | S45: Conventional | T45: 0.401 | U45: 0.40265091 | V45: 0.40430861 | W45: 0.40597313 | X45: 0.40764451 | Y45: 0.40932277 | Z45: 0.41100794 | AA45: 0.41270005 | AB45: 0.41439913 | AC45: 0.4161052 | AD45: 0.41781829 | AE45: 0.41953843 | AF45: 0.42126566 | AG45: 0.423
B46: Automated | D46: =D38*T46 -> 1122.8666 | E46: =E38*U46 -> 1278.7795 | F46: =F38*V46 -> 1458.3129 | G46: =G38*W46 -> 1665.3251 | H46: =H38*X46 -> 1904.3478 | I46: =I38*Y46 -> 2180.7115 | J46: =J38*Z46 -> 2500.6947 | K46: =K38*AA46 -> 2871.703 | ... Q46: =Q38*AG46 -> 6790.3202 | R46: =RATE(12,,-E46,Q46) -> 0.14927656 | S46: Automated | T46: =1-T45 -> 0.599 | U46: =1-U45 -> 0.59734909 | V46: =1-V45 -> 0.59569139 | W46: =1-W45 -> 0.59402687 | X46: =1-X45 -> 0.59235549 | Y46: =1-Y45 -> 0.59067723 | Z46: =1-Z45 -> 0.58899206 | AA46: =1-AA45 -> 0.58729995 | ... AG46: =1-AG45 -> 0.577
A48: Technology | B48: Culture-Based | D48: =D38*T48 -> 468.64217 | E48: =E38*U48 -> 538.52024 | F48: =F38*V48 -> 619.66724 | G48: =G38*W48 -> 714.03027 | H48: =H38*X48 -> 823.9144 | I48: =I38*Y48 -> 952.05227 | J48: =J38*Z48 -> 1101.688 | K48: =K38*AA48 -> 1276.6783 | ... Q48: =Q38*AG48 -> 3189.2145 | R48: =RATE(12,,-E48,Q48) -> 0.15977428 | S48: Culture-Based | T48: 0.25 | U48: 0.25155594 | V48: 0.25312155 | W48: 0.25469692 | X48: 0.25628209 | Y48: 0.25787712 | Z48: 0.25948208 | AA48: 0.26109703 | AB48: 0.26272203 | AC48: 0.26435714 | AD48: 0.26600243 | AE48: 0.26765796 | AF48: 0.2693238 | AG48: 0.271
B49: Molecular Technology | D49: =D38*T49 -> 712.3361 | E49: =E38*U49 -> 815.43568 | F49: =F38*V49 -> 934.73888 | G49: =G38*W49 -> 1072.9821 | H49: =H38*X49 -> 1233.3946 | I49: =I38*Y49 -> 1419.7924 | J49: =J38*Z49 -> 1636.6912 | K49: =K38*AA49 -> 1889.4427 | ... Q49: =Q38*AG49 -> 4613.1811 | R49: =RATE(12,,-E49,Q49) -> 0.15536064 | S49: Molecular Technology | T49: 0.38 | U49: 0.38090989 | V49: 0.38182196 | W49: 0.38273621 | X49: 0.38365265 | Y49: 0.38457129 | Z49: 0.38549212 | AA49: 0.38641516 | AB49: 0.38734041 | AC49: 0.38826788 | AD49: 0.38919756 | AE49: 0.39012948 | AF49: 0.39106362 | AG49: 0.392
B50: PCR | D50: =D49*T50 -> 249.31764 | E50: =E49*U50 -> 284.90172 | F50: =F49*V50 -> 326.01154 | G50: =G49*W50 -> 373.5704 | H50: =H49*X50 -> 428.66629 | I50: =I49*Y50 -> 492.58302 | J50: =J49*Z50 -> 566.8376 | K50: =K49*AA50 -> 653.2252 | ... Q50: =Q49*AG50 -> 1578.1693 | R50: =RATE(12,,-E50,Q50) -> 0.15333342 | S50: PCR | T50: 0.35 | U50: 0.34938588 | V50: 0.34877285 | W50: 0.34816088 | X50: 0.34754999 | Y50: 0.34694018 | Z50: 0.34633143 | AA50: 0.34572375 | AB50: 0.34511714 | AC50: 0.34451159 | AD50: 0.3439071 | AE50: 0.34330368 | AF50: 0.34270131 | AG50: 0.3421
B51: Microarray | D51: =D49*T51 -> 199.45411 | E51: =E49*U51 -> 229.12046 | F51: =F49*V51 -> 263.56066 | G51: =G49*W51 -> 303.59798 | H51: =H49*X51 -> 350.2068 | I51: =I49*Y51 -> 404.54187 | J51: =J49*Z51 -> 467.97377 | K51: =K49*AA51 -> 542.13145 | ... Q51: =Q49*AG51 -> 1351.6621 | R51: =RATE(12,,-E51,Q51) -> 0.15940105 | S51: Microarray | T51: 0.28 | U51: 0.28097919 | V51: 0.2819618 | W51: 0.28294785 | X51: 0.28393735 | Y51: 0.2849303 | Z51: 0.28592673 | AA51: 0.28692665 | AB51: 0.28793006 | AC51: 0.28893698 | AD51: 0.28994742 | AE51: 0.2909614 | AF51: 0.29197892 | AG51: 0.293
B52: PNA-FISH | D52: =D49*T52 -> 263.56436 | E52: =E49*U52 -> 301.41351 | F52: =F49*V52 -> 345.16668 | G52: =G49*W52 -> 395.81374 | H52: =H49*X52 -> 454.52153 | I52: =I49*Y52 -> 522.66749 | J52: =J49*Z52 -> 601.87983 | K52: =K49*AA52 -> 694.08601 | ... Q52: =Q49*AG52 -> 1683.3498 | R52: =RATE(12,,-E52,Q52) -> 0.15412001 | S52: PNA-FISH | T52: =1-SUM(T50:T51) -> 0.37 | U52: =1-SUM(U50:U51) -> 0.36963493 | V52: =1-SUM(V50:V51) -> 0.36926535 | W52: =1-SUM(W50:W51) -> 0.36889127 | X52: =1-SUM(X50:X51) -> 0.36851266 | Y52: =1-SUM(Y50:Y51) -> 0.36812952 | Z52: =1-SUM(Z50:Z51) -> 0.36774184 | AA52: =1-SUM(AA50:AA51) -> 0.3673496 | ... AG52: =1-SUM(AG50:AG51) -> 0.3649
B53: Proteomic Technologies | D53: =D38*T53 -> 693.59042 | E53: =E38*U53 -> 786.80152 | F53: =F38*V53 -> 893.69531 | G53: =G38*W53 -> 1016.4384 | H53: =H38*X53 -> 1157.5642 | I53: =I38*Y53 -> 1320.0388 | J53: =J38*Z53 -> 1507.3398 | K53: =K38*AA53 -> 1723.5491 | ... Q53: =Q38*AG53 -> 3965.9236 | R53: =RATE(12,,-E53,Q53) -> 0.14430008 | S53: Proteomic Technologies | T53: =1-SUM(T48+T49) -> 0.37 | U53: =1-SUM(U48+U49) -> 0.36753418 | V53: =1-SUM(V48+V49) -> 0.36505649 | W53: =1-SUM(W48+W49) -> 0.36256687 | X53: =1-SUM(X48+X49) -> 0.36006526 | Y53: =1-SUM(Y48+Y49) -> 0.3575516 | Z53: =1-SUM(Z48+Z49) -> 0.3550258 | AA53: =1-SUM(AA48+AA49) -> 0.35248781 | ... AG53: =1-SUM(AG48+AG49) -> 0.337
A55: Application | B55: Bacteremia | D55: =D38*T55 -> 751.70205 | E55: =E38*U55 -> 861.97793 | F55: =F38*V55 -> 989.78848 | G55: =G38*W55 -> 1138.1257 | H55: =H38*X55 -> 1310.5254 | I55: =I38*Y55 -> 1511.172 | J55: =J38*Z55 -> 1745.0242 | K55: =K38*AA55 -> 2017.9671 | ... Q55: =Q38*AG55 -> 4977.999 | R55: =RATE(12,,-E55,Q55) -> 0.15734602 | S55: Bacteremia | T55: 0.401 | U55: 0.40265091 | V55: 0.40430861 | W55: 0.40597313 | X55: 0.40764451 | Y55: 0.40932277 | Z55: 0.41100794 | AA55: 0.41270005 | AB55: 0.41439913 | AC55: 0.4161052 | AD55: 0.41781829 | AE55: 0.41953843 | AF55: 0.42126566 | AG55: 0.423
B56: Fungemia | D56: =D38*T56 -> 807.93911 | E56: =E38*U56 -> 924.45688 | F56: =F38*V56 -> 1059.2306 | G56: =G38*W56 -> 1215.3349 | H56: =H38*X56 -> 1396.3967 | I56: =I38*Y56 -> 1606.7003 | J56: =J38*Z56 -> 1851.3139 | K56: =K38*AA56 -> 2136.2412 | ... Q56: =Q38*AG56 -> 5201.5971 | R56: =RATE(12,,-E56,Q56) -> 0.15483739 | S56: Fungemia | T56: 0.431 | U56: 0.43183635 | V56: 0.43267432 | W56: 0.43351391 | X56: 0.43435514 | Y56: 0.43519799 | Z56: 0.43604249 | AA56: 0.43688862 | AB56: 0.43773639 | AC56: 0.43858581 | AD56: 0.43943688 | AE56: 0.4402896 | AF56: 0.44114397 | AG56: 0.442
B57: Mycobacterial Infection | D57: =D38*T57 -> 314.92754 | E57: =E38*U57 -> 354.32265 | F57: =F38*V57 -> 399.08234 | G57: =G38*W57 -> 449.99016 | H57: =H38*X57 -> 507.95109 | I57: =I38*Y57 -> 574.0112 | J57: =J38*Z57 -> 649.38088 | K57: =K38*AA57 -> 735.46178 | ... Q57: =Q38*AG57 -> 1588.7231 | R57: =RATE(12,,-E57,Q57) -> 0.13319359 | S57: Mycobacterial Infection | T57: =1-SUM(T55:T56) -> 0.168 | U57: =1-SUM(U55:U56) -> 0.16551275 | V57: =1-SUM(V55:V56) -> 0.16301708 | W57: =1-SUM(W55:W56) -> 0.16051295 | X57: =1-SUM(X55:X56) -> 0.15800035 | Y57: =1-SUM(Y55:Y56) -> 0.15547923 | Z57: =1-SUM(Z55:Z56) -> 0.15294957 | AA57: =1-SUM(AA55:AA56) -> 0.15041133 | ... AG57: =1-SUM(AG55:AG56) -> 0.135
A61: Canada Blood Culture Test Market
D63: 2023 | E63: 2024 | F63: 2025 | G63: 2026 | H63: 2027 | I63: 2028 | J63: 2029 | K63: 2030 | L63: 2031 | M63: 2032 | N63: 2033 | O63: 2034 | P63: 2035 | Q63: 2036 | R63: CAGR (2024-2036)
D64: ='Market Analysis'!C14 -> 115.4193 | E64: ='Market Analysis'!D14 -> 130.65465 | F64: ='Market Analysis'!E14 -> 148.00634 | G64: ='Market Analysis'!F14 -> 167.78241 | H64: ='Market Analysis'!G14 -> 190.33773 | I64: ='Market Analysis'!H14 -> 216.08138 | J64: ='Market Analysis'!I14 -> 245.48533 | K64: ='Market Analysis'!J14 -> 279.09442 | ... Q64: ='Market Analysis'!P14 -> 612.16189 | R64: =RATE(12,,-E64,Q64) -> 0.13735258 | T64: 2023 | U64: 2024 | V64: 2025 | W64: 2026 | X64: 2027 | Y64: 2028 | Z64: 2029 | AA64: 2030 | AB64: 2031 | AC64: 2032 | AD64: 2033 | AE64: 2034 | AF64: 2035 | AG64: 2036
A65: Test Type | B65: Phenotypic AST | D65: =D64*T65 -> 64.63481 | E65: =E64*U65 -> 73.287018 | F65: =F64*V65 -> 83.156583 | G65: =G64*W65 -> 94.422804 | H65: =H64*X65 -> 107.29253 | I65: =I64*Y65 -> 122.00458 | J65: =J64*Z65 -> 138.83484 | K65: =K64*AA65 -> 158.10231 | ... Q65: =Q64*AG65 -> 350.21781 | R65: =RATE(12,,-E65,Q65) -> 0.13922437 | S65: Phenotypic AST | T65: 0.56 | U65: 0.56092161 | V65: 0.56184474 | W65: 0.56276939 | X65: 0.56369557 | Y65: 0.56462326 | Z65: 0.56555248 | AA65: 0.56648323 | AB65: 0.56741552 | AC65: 0.56834934 | AD65: 0.56928469 | AE65: 0.57022158 | AF65: 0.57116002 | AG65: 0.5721
B66: Genotypic AST | D66: =D64*T66 -> 50.784494 | E66: =E64*U66 -> 57.367634 | F66: =F64*V66 -> 64.849755 | G66: =G64*W66 -> 73.359604 | H66: =H64*X66 -> 83.045194 | I66: =I64*Y66 -> 94.076809 | J66: =J64*Z66 -> 106.65049 | K66: =K64*AA66 -> 120.99211 | ... Q66: =Q64*AG66 -> 261.94407 | R66: =RATE(12,,-E66,Q66) -> 0.13491099 | S66: Genotypic AST | T66: =1-T65 -> 0.44 | U66: =1-U65 -> 0.43907839 | V66: =1-V65 -> 0.43815526 | W66: =1-W65 -> 0.43723061 | X66: =1-X65 -> 0.43630443 | Y66: =1-Y65 -> 0.43537674 | Z66: =1-Z65 -> 0.43444752 | AA66: =1-AA65 -> 0.43351677 | ... AG66: =1-AG65 -> 0.4279
A68: Product | B68: Instruments | D68: =D64*T68 -> 54.362492 | E68: =E64*U68 -> 61.457938 | F68: =F64*V68 -> 69.528824 | G68: =G64*W68 -> 78.715762 | H68: =H64*X68 -> 89.180545 | I68: =I64*Y68 -> 101.10947 | J68: =J64*Z68 -> 114.71718 | K68: =K64*AA68 -> 130.25122 | ... Q68: =Q64*AG68 -> 283.43095 | R68: =RATE(12,,-E68,Q68) -> 0.13585381 | S68: Instruments | T68: 0.471 | U68: 0.47038462 | V68: 0.46976923 | W68: 0.46915385 | X68: 0.46853846 | Y68: 0.46792308 | Z68: 0.46730769 | AA68: 0.46669231 | AB68: 0.46607692 | AC68: 0.46546154 | AD68: 0.46484615 | AE68: 0.46423077 | AF68: 0.46361538 | AG68: 0.463
B69: Consumables | D69: =D64*T69 -> 61.056812 | E69: =E64*U69 -> 69.196714 | F69: =F64*V69 -> 78.477514 | G69: =G64*W69 -> 89.066646 | H69: =H64*X69 -> 101.15718 | I69: =I64*Y69 -> 114.97192 | J69: =J64*Z69 -> 130.76815 | K69: =K64*AA69 -> 148.8432 | ... Q69: =Q64*AG69 -> 328.73093 | R69: =RATE(12,,-E69,Q69) -> 0.13866575 | S69: Consumables | T69: =1-T68 -> 0.529 | U69: =1-U68 -> 0.52961538 | V69: =1-V68 -> 0.53023077 | W69: =1-W68 -> 0.53084615 | X69: =1-X68 -> 0.53146154 | Y69: =1-Y68 -> 0.53207692 | Z69: =1-Z68 -> 0.53269231 | AA69: =1-AA68 -> 0.53330769 | ... AG69: =1-AG68 -> 0.537
A71: Method | B71: Conventional | D71: =D64*T71 -> 46.283141 | E71: =E64*U71 -> 52.608214 | F71: =F64*V71 -> 59.840236 | G71: =G64*W71 -> 68.11515 | H71: =H64*X71 -> 77.59013 | I71: =I64*Y71 -> 88.447032 | J71: =J64*Z71 -> 100.89642 | K71: =K64*AA71 -> 115.18228 | ... Q71: =Q64*AG71 -> 258.94448 | R71: =RATE(12,,-E71,Q71) -> 0.14203503 | S71: Conventional | T71: 0.401 | U71: 0.40265091 | V71: 0.40430861 | W71: 0.40597313 | X71: 0.40764451 | Y71: 0.40932277 | Z71: 0.41100794 | AA71: 0.41270005 | AB71: 0.41439913 | AC71: 0.4161052 | AD71: 0.41781829 | AE71: 0.41953843 | AF71: 0.42126566 | AG71: 0.423
B72: Automated | D72: =D64*T72 -> 69.136163 | E72: =E64*U72 -> 78.046438 | F72: =F64*V72 -> 88.166102 | G72: =G64*W72 -> 99.667258 | H72: =H64*X72 -> 112.7476 | I72: =I64*Y72 -> 127.63435 | J72: =J64*Z72 -> 144.58891 | K72: =K64*AA72 -> 163.91214 | ... Q72: =Q64*AG72 -> 353.21741 | R72: =RATE(12,,-E72,Q72) -> 0.13407232 | S72: Automated | T72: =1-T71 -> 0.599 | U72: =1-U71 -> 0.59734909 | V72: =1-V71 -> 0.59569139 | W72: =1-W71 -> 0.59402687 | X72: =1-X71 -> 0.59235549 | Y72: =1-Y71 -> 0.59067723 | Z72: =1-Z71 -> 0.58899206 | AA72: =1-AA71 -> 0.58729995 | ... AG72: =1-AG71 -> 0.577
A74: Technology | B74: Culture-Based | D74: =D64*T74 -> 28.854826 | E74: =E64*U74 -> 32.866953 | F74: =F64*V74 -> 37.463594 | G74: =G64*W74 -> 42.733662 | H74: =H64*X74 -> 48.780149 | I74: =I64*Y74 -> 55.722445 | J74: =J64*Z74 -> 63.699044 | K74: =K64*AA74 -> 72.870723 | ... Q74: =Q64*AG74 -> 165.89587 | R74: =RATE(12,,-E74,Q74) -> 0.14443117 | S74: Culture-Based | T74: 0.25 | U74: 0.25155594 | V74: 0.25312155 | W74: 0.25469692 | X74: 0.25628209 | Y74: 0.25787712 | Z74: 0.25948208 | AA74: 0.26109703 | AB74: 0.26272203 | AC74: 0.26435714 | AD74: 0.26600243 | AE74: 0.26765796 | AF74: 0.2693238 | AG74: 0.271
B75: Molecular Technology | D75: =D64*T75 -> 43.859336 | E75: =E64*U75 -> 49.767649 | F75: =F64*V75 -> 56.51207 | G75: =G64*W75 -> 64.216403 | H75: =H64*X75 -> 73.023573 | I75: =I64*Y75 -> 83.098696 | J75: =J64*Z75 -> 94.632661 | K75: =K64*AA75 -> 107.84631 | ... Q75: =Q64*AG75 -> 239.96746 | R75: =RATE(12,,-E75,Q75) -> 0.14007591 | S75: Molecular Technology | T75: 0.38 | U75: 0.38090989 | V75: 0.38182196 | W75: 0.38273621 | X75: 0.38365265 | Y75: 0.38457129 | Z75: 0.38549212 | AA75: 0.38641516 | AB75: 0.38734041 | AC75: 0.38826788 | AD75: 0.38919756 | AE75: 0.39012948 | AF75: 0.39106362 | AG75: 0.392
B76: PCR | D76: =D75*T76 -> 15.350767 | E76: =E75*U76 -> 17.388114 | F76: =F75*V76 -> 19.709875 | G76: =G75*W76 -> 22.357639 | H76: =H75*X76 -> 25.379342 | I76: =I75*Y76 -> 28.830276 | J76: =J75*Z76 -> 32.774265 | K76: =K75*AA76 -> 37.285032 | ... Q76: =Q75*AG76 -> 82.092868 | R76: =RATE(12,,-E76,Q76) -> 0.13807551 | S76: PCR | T76: 0.35 | U76: 0.34938588 | V76: 0.34877285 | W76: 0.34816088 | X76: 0.34754999 | Y76: 0.34694018 | Z76: 0.34633143 | AA76: 0.34572375 | AB76: 0.34511714 | AC76: 0.34451159 | AD76: 0.3439071 | AE76: 0.34330368 | AF76: 0.34270131 | AG76: 0.3421
B77: Microarray | D77: =D75*T77 -> 12.280614 | E77: =E75*U77 -> 13.983674 | F77: =F75*V77 -> 15.934245 | G77: =G75*W77 -> 18.169893 | H77: =H75*X77 -> 20.73412 | I77: =I75*Y77 -> 23.677337 | J77: =J75*Z77 -> 27.058008 | K77: =K75*AA77 -> 30.943981 | ... Q77: =Q75*AG77 -> 70.310466 | R77: =RATE(12,,-E77,Q77) -> 0.14406287 | S77: Microarray | T77: 0.28 | U77: 0.28097919 | V77: 0.2819618 | W77: 0.28294785 | X77: 0.28393735 | Y77: 0.2849303 | Z77: 0.28592673 | AA77: 0.28692665 | AB77: 0.28793006 | AC77: 0.28893698 | AD77: 0.28994742 | AE77: 0.2909614 | AF77: 0.29197892 | AG77: 0.293
B78: PNA-FISH | D78: =D75*T78 -> 16.227954 | E78: =E75*U78 -> 18.395861 | F78: =F75*V78 -> 20.867949 | G78: =G75*W78 -> 23.68887 | H78: =H75*X78 -> 26.910111 | I78: =I75*Y78 -> 30.591083 | J78: =J75*Z78 -> 34.800389 | K78: =K75*AA78 -> 39.6173 | ... Q78: =Q75*AG78 -> 87.564126 | R78: =RATE(12,,-E78,Q78) -> 0.1388517 | S78: PNA-FISH | T78: =1-SUM(T76:T77) -> 0.37 | U78: =1-SUM(U76:U77) -> 0.36963493 | V78: =1-SUM(V76:V77) -> 0.36926535 | W78: =1-SUM(W76:W77) -> 0.36889127 | X78: =1-SUM(X76:X77) -> 0.36851266 | Y78: =1-SUM(Y76:Y77) -> 0.36812952 | Z78: =1-SUM(Z76:Z77) -> 0.36774184 | AA78: =1-SUM(AA76:AA77) -> 0.3673496 | ... AG78: =1-SUM(AG76:AG77) -> 0.3649
B79: Proteomic Technologies | D79: =D64*T79 -> 42.705142 | E79: =E64*U79 -> 48.02005 | F79: =F64*V79 -> 54.030674 | G79: =G64*W79 -> 60.832343 | H79: =H64*X79 -> 68.534003 | I79: =I64*Y79 -> 77.260244 | J79: =J64*Z79 -> 87.153626 | K79: =K64*AA79 -> 98.37738 | ... Q79: =Q64*AG79 -> 206.29856 | R79: =RATE(12,,-E79,Q79) -> 0.12916168 | S79: Proteomic Technologies | T79: =1-SUM(T74+T75) -> 0.37 | U79: =1-SUM(U74+U75) -> 0.36753418 | V79: =1-SUM(V74+V75) -> 0.36505649 | W79: =1-SUM(W74+W75) -> 0.36256687 | X79: =1-SUM(X74+X75) -> 0.36006526 | Y79: =1-SUM(Y74+Y75) -> 0.3575516 | Z79: =1-SUM(Z74+Z75) -> 0.3550258 | AA79: =1-SUM(AA74+AA75) -> 0.35248781 | ... AG79: =1-SUM(AG74+AG75) -> 0.337
A81: Application | B81: Bacteremia | D81: =D64*T81 -> 46.283141 | E81: =E64*U81 -> 52.608214 | F81: =F64*V81 -> 59.840236 | G81: =G64*W81 -> 68.11515 | H81: =H64*X81 -> 77.59013 | I81: =I64*Y81 -> 88.447032 | J81: =J64*Z81 -> 100.89642 | K81: =K64*AA81 -> 115.18228 | ... Q81: =Q64*AG81 -> 258.94448 | R81: =RATE(12,,-E81,Q81) -> 0.14203503 | S81: Bacteremia | T81: 0.401 | U81: 0.40265091 | V81: 0.40430861 | W81: 0.40597313 | X81: 0.40764451 | Y81: 0.40932277 | Z81: 0.41100794 | AA81: 0.41270005 | AB81: 0.41439913 | AC81: 0.4161052 | AD81: 0.41781829 | AE81: 0.41953843 | AF81: 0.42126566 | AG81: 0.423
B82: Fungemia | D82: =D64*T82 -> 49.74572 | E82: =E64*U82 -> 56.421428 | F82: =F64*V82 -> 64.038541 | G82: =G64*W82 -> 72.736008 | H82: =H64*X82 -> 82.674169 | I82: =I64*Y82 -> 94.038185 | J82: =J64*Z82 -> 107.04203 | K82: =K64*AA82 -> 121.93317 | ... Q82: =Q64*AG82 -> 270.57555 | R82: =RATE(12,,-E82,Q82) -> 0.13955959 | S82: Fungemia | T82: 0.431 | U82: 0.43183635 | V82: 0.43267432 | W82: 0.43351391 | X82: 0.43435514 | Y82: 0.43519799 | Z82: 0.43604249 | AA82: 0.43688862 | AB82: 0.43773639 | AC82: 0.43858581 | AD82: 0.43943688 | AE82: 0.4402896 | AF82: 0.44114397 | AG82: 0.442
B83: Mycobacterial Infection | D83: =D64*T83 -> 19.390443 | E83: =E64*U83 -> 21.625011 | F83: =F64*V83 -> 24.12756 | G83: =G64*W83 -> 26.93125 | H83: =H64*X83 -> 30.073427 | I83: =I64*Y83 -> 33.596168 | J83: =J64*Z83 -> 37.546876 | K83: =K64*AA83 -> 41.978962 | ... Q83: =Q64*AG83 -> 82.641855 | R83: =RATE(12,,-E83,Q83) -> 0.11820212 | S83: Mycobacterial Infection | T83: =1-SUM(T81:T82) -> 0.168 | U83: =1-SUM(U81:U82) -> 0.16551275 | V83: =1-SUM(V81:V82) -> 0.16301708 | W83: =1-SUM(W81:W82) -> 0.16051295 | X83: =1-SUM(X81:X82) -> 0.15800035 | Y83: =1-SUM(Y81:Y82) -> 0.15547923 | Z83: =1-SUM(Z81:Z82) -> 0.15294957 | AA83: =1-SUM(AA81:AA82) -> 0.15041133 | ... AG83: =1-SUM(AG81:AG82) -> 0.135

Sheet Global-
A2: Global Blood Culture Test Market, 2023-36 (USD Million)
D12: 2023 | E12: 2024 | F12: 2025 | G12: 2026 | H12: 2027 | I12: 2028 | J12: 2029 | K12: 2030 | L12: 2031 | M12: 2032 | N12: 2033 | O12: 2034 | P12: 2035 | Q12: 2036 | R12: CAGR (2024-2036)
D13: ='North America'!D13+Europe!D13+APAC!D13+'Latin America'!D13+MEA!D13 -> 5467 | E13: ='North America'!E13+Europe!E13+APAC!E13+'Latin America'!E13+MEA!E13 -> 6149.3791 | F13: ='North America'!F13+Europe!F13+APAC!F13+'Latin America'!F13+MEA!F13 -> 6913.5936 | G13: ='North America'!G13+Europe!G13+APAC!G13+'Latin America'!G13+MEA!G13 -> 7783.3528 | H13: ='North America'!H13+Europe!H13+APAC!H13+'Latin America'!H13+MEA!H13 -> 8774.4611 | I13: ='North America'!I13+Europe!I13+APAC!I13+'Latin America'!I13+MEA!I13 -> 9905.286 | J13: ='North America'!J13+Europe!J13+APAC!J13+'Latin America'!J13+MEA!J13 -> 11197.209 | K13: ='North America'!K13+Europe!K13+APAC!K13+'Latin America'!K13+MEA!K13 -> 12675.166 | ... Q13: ='North America'!Q13+Europe!Q13+APAC!Q13+'Latin America'!Q13+MEA!Q13 -> 27485.085 | R13: =RATE(12,,-E13,Q13) -> 0.1328928 | T13: 2023 | U13: 2024 | V13: 2025 | W13: 2026 | X13: 2027 | Y13: 2028 | Z13: 2029 | AA13: 2030 | AB13: 2031 | AC13: 2032 | AD13: 2033 | AE13: 2034 | AF13: 2035 | AG13: 2036
A14: Test Type | B14: Phenotypic AST | D14: ='North America'!D14+Europe!D14+APAC!D14+'Latin America'!D14+MEA!D14 -> 2950.0807 | E14: ='North America'!E14+Europe!E14+APAC!E14+'Latin America'!E14+MEA!E14 -> 3109.3205 | F14: ='North America'!F14+Europe!F14+APAC!F14+'Latin America'!F14+MEA!F14 -> 3508.1516 | G14: ='North America'!G14+Europe!G14+APAC!G14+'Latin America'!G14+MEA!G14 -> 3962.9554 | H14: ='North America'!H14+Europe!H14+APAC!H14+'Latin America'!H14+MEA!H14 -> 4482.1792 | I14: ='North America'!I14+Europe!I14+APAC!I14+'Latin America'!I14+MEA!I14 -> 5075.6436 | J14: ='North America'!J14+Europe!J14+APAC!J14+'Latin America'!J14+MEA!J14 -> 5754.7847 | K14: ='North America'!K14+Europe!K14+APAC!K14+'Latin America'!K14+MEA!K14 -> 6532.9424 | ... Q14: ='North America'!Q14+Europe!Q14+APAC!Q14+'Latin America'!Q14+MEA!Q14 -> 14370.512 | R14: =RATE(12,,-E14,Q14) -> 0.13605815 | S14: Phenotypic AST | T14: 0.56 | U14: 0.56092161 | V14: 0.56184474 | W14: 0.56276939 | X14: 0.56369557 | Y14: 0.56462326 | Z14: 0.56555248 | AA14: 0.56648323 | AB14: 0.56741552 | AC14: 0.56834934 | AD14: 0.56928469 | AE14: 0.57022158 | AF14: 0.57116002 | AG14: 0.5721
B15: Genotypic AST | D15: ='North America'!D15+Europe!D15+APAC!D15+'Latin America'!D15+MEA!D15 -> 2317.9205 | E15: ='North America'!E15+Europe!E15+APAC!E15+'Latin America'!E15+MEA!E15 -> 2433.9148 | F15: ='North America'!F15+Europe!F15+APAC!F15+'Latin America'!F15+MEA!F15 -> 2735.8359 | G15: ='North America'!G15+Europe!G15+APAC!G15+'Latin America'!G15+MEA!G15 -> 3078.9261 | H15: ='North America'!H15+Europe!H15+APAC!H15+'Latin America'!H15+MEA!H15 -> 3469.239 | I15: ='North America'!I15+Europe!I15+APAC!I15+'Latin America'!I15+MEA!I15 -> 3913.7905 | J15: ='North America'!J15+Europe!J15+APAC!J15+'Latin America'!J15+MEA!J15 -> 4420.7249 | K15: ='North America'!K15+Europe!K15+APAC!K15+'Latin America'!K15+MEA!K15 -> 4999.5126 | ... Q15: ='North America'!Q15+Europe!Q15+APAC!Q15+'Latin America'!Q15+MEA!Q15 -> 10748.369 | R15: =RATE(12,,-E15,Q15) -> 0.13175676 | S15: Genotypic AST | T15: =1-T14 -> 0.44 | U15: =1-U14 -> 0.43907839 | V15: =1-V14 -> 0.43815526 | W15: =1-W14 -> 0.43723061 | X15: =1-X14 -> 0.43630443 | Y15: =1-Y14 -> 0.43537674 | Z15: =1-Z14 -> 0.43444752 | AA15: =1-AA14 -> 0.43351677 | ... AG15: =1-AG14 -> 0.4279
A17: Product | B17: Instruments | D17: ='North America'!D17+Europe!D17+APAC!D17+'Latin America'!D17+MEA!D17 -> 2481.2286 | E17: ='North America'!E17+Europe!E17+APAC!E17+'Latin America'!E17+MEA!E17 -> 2607.4526 | F17: ='North America'!F17+Europe!F17+APAC!F17+'Latin America'!F17+MEA!F17 -> 2933.2332 | G17: ='North America'!G17+Europe!G17+APAC!G17+'Latin America'!G17+MEA!G17 -> 3303.7258 | H17: ='North America'!H17+Europe!H17+APAC!H17+'Latin America'!H17+MEA!H17 -> 3725.5453 | I17: ='North America'!I17+Europe!I17+APAC!I17+'Latin America'!I17+MEA!I17 -> 4206.3636 | J17: ='North America'!J17+Europe!J17+APAC!J17+'Latin America'!J17+MEA!J17 -> 4755.0939 | K17: ='North America'!K17+Europe!K17+APAC!K17+'Latin America'!K17+MEA!K17 -> 5382.108 | ... Q17: ='North America'!Q17+Europe!Q17+APAC!Q17+'Latin America'!Q17+MEA!Q17 -> 11630.042 | R17: =RATE(12,,-E17,Q17) -> 0.13269697 | S17: Instruments | T17: 0.471 | U17: 0.47038462 | V17: 0.46976923 | W17: 0.46915385 | X17: 0.46853846 | Y17: 0.46792308 | Z17: 0.46730769 | AA17: 0.46669231 | AB17: 0.46607692 | AC17: 0.46546154 | AD17: 0.46484615 | AE17: 0.46423077 | AF17: 0.46361538 | AG17: 0.463
B18: Consumables | D18: ='North America'!D18+Europe!D18+APAC!D18+'Latin America'!D18+MEA!D18 -> 2786.7726 | E18: ='North America'!E18+Europe!E18+APAC!E18+'Latin America'!E18+MEA!E18 -> 2935.7827 | F18: ='North America'!F18+Europe!F18+APAC!F18+'Latin America'!F18+MEA!F18 -> 3310.7543 | G18: ='North America'!G18+Europe!G18+APAC!G18+'Latin America'!G18+MEA!G18 -> 3738.1557 | H18: ='North America'!H18+Europe!H18+APAC!H18+'Latin America'!H18+MEA!H18 -> 4225.873 | I18: ='North America'!I18+Europe!I18+APAC!I18+'Latin America'!I18+MEA!I18 -> 4783.0704 | J18: ='North America'!J18+Europe!J18+APAC!J18+'Latin America'!J18+MEA!J18 -> 5420.4157 | K18: ='North America'!K18+Europe!K18+APAC!K18+'Latin America'!K18+MEA!K18 -> 6150.3469 | ... Q18: ='North America'!Q18+Europe!Q18+APAC!Q18+'Latin America'!Q18+MEA!Q18 -> 13488.839 | R18: =RATE(12,,-E18,Q18) -> 0.13550109 | S18: Consumables | T18: =1-T17 -> 0.529 | U18: =1-U17 -> 0.52961538 | V18: =1-V17 -> 0.53023077 | W18: =1-W17 -> 0.53084615 | X18: =1-X17 -> 0.53146154 | Y18: =1-Y17 -> 0.53207692 | Z18: =1-Z17 -> 0.53269231 | AA18: =1-AA17 -> 0.53330769 | ... AG18: =1-AG17 -> 0.537
A20: Method | B20: Conventional | D20: ='North America'!D20+Europe!D20+APAC!D20+'Latin America'!D20+MEA!D20 -> 2112.4685 | E20: ='North America'!E20+Europe!E20+APAC!E20+'Latin America'!E20+MEA!E20 -> 2231.9887 | F20: ='North America'!F20+Europe!F20+APAC!F20+'Latin America'!F20+MEA!F20 -> 2524.4979 | G20: ='North America'!G20+Europe!G20+APAC!G20+'Latin America'!G20+MEA!G20 -> 2858.8147 | H20: ='North America'!H20+Europe!H20+APAC!H20+'Latin America'!H20+MEA!H20 -> 3241.352 | I20: ='North America'!I20+Europe!I20+APAC!I20+'Latin America'!I20+MEA!I20 -> 3679.5801 | J20: ='North America'!J20+Europe!J20+APAC!J20+'Latin America'!J20+MEA!J20 -> 4182.2153 | K20: ='North America'!K20+Europe!K20+APAC!K20+'Latin America'!K20+MEA!K20 -> 4759.4448 | ... Q20: ='North America'!Q20+Europe!Q20+APAC!Q20+'Latin America'!Q20+MEA!Q20 -> 10625.286 | R20: =RATE(12,,-E20,Q20) -> 0.138861 | S20: Conventional | T20: 0.401 | U20: 0.40265091 | V20: 0.40430861 | W20: 0.40597313 | X20: 0.40764451 | Y20: 0.40932277 | Z20: 0.41100794 | AA20: 0.41270005 | AB20: 0.41439913 | AC20: 0.4161052 | AD20: 0.41781829 | AE20: 0.41953843 | AF20: 0.42126566 | AG20: 0.423
B21: Automated | D21: ='North America'!D21+Europe!D21+APAC!D21+'Latin America'!D21+MEA!D21 -> 3155.5327 | E21: ='North America'!E21+Europe!E21+APAC!E21+'Latin America'!E21+MEA!E21 -> 3311.2466 | F21: ='North America'!F21+Europe!F21+APAC!F21+'Latin America'!F21+MEA!F21 -> 3719.4896 | G21: ='North America'!G21+Europe!G21+APAC!G21+'Latin America'!G21+MEA!G21 -> 4183.0668 | H21: ='North America'!H21+Europe!H21+APAC!H21+'Latin America'!H21+MEA!H21 -> 4710.0662 | I21: ='North America'!I21+Europe!I21+APAC!I21+'Latin America'!I21+MEA!I21 -> 5309.854 | J21: ='North America'!J21+Europe!J21+APAC!J21+'Latin America'!J21+MEA!J21 -> 5993.2943 | K21: ='North America'!K21+Europe!K21+APAC!K21+'Latin America'!K21+MEA!K21 -> 6773.0102 | ... Q21: ='North America'!Q21+Europe!Q21+APAC!Q21+'Latin America'!Q21+MEA!Q21 -> 14493.594 | R21: =RATE(12,,-E21,Q21) -> 0.13092042 | S21: Automated | T21: =1-T20 -> 0.599 | U21: =1-U20 -> 0.59734909 | V21: =1-V20 -> 0.59569139 | W21: =1-W20 -> 0.59402687 | X21: =1-X20 -> 0.59235549 | Y21: =1-Y20 -> 0.59067723 | Z21: =1-Z20 -> 0.58899206 | AA21: =1-AA20 -> 0.58729995 | ... AG21: =1-AG20 -> 0.577
A23: Technology | B23: Culture-Based | D23: ='North America'!D23+Europe!D23+APAC!D23+'Latin America'!D23+MEA!D23 -> 1317.0003 | E23: ='North America'!E23+Europe!E23+APAC!E23+'Latin America'!E23+MEA!E23 -> 1394.4338 | F23: ='North America'!F23+Europe!F23+APAC!F23+'Latin America'!F23+MEA!F23 -> 1580.4878 | G23: ='North America'!G23+Europe!G23+APAC!G23+'Latin America'!G23+MEA!G23 -> 1793.5455 | H23: ='North America'!H23+Europe!H23+APAC!H23+'Latin America'!H23+MEA!H23 -> 2037.806 | I23: ='North America'!I23+Europe!I23+APAC!I23+'Latin America'!I23+MEA!I23 -> 2318.1693 | J23: ='North America'!J23+Europe!J23+APAC!J23+'Latin America'!J23+MEA!J23 -> 2640.3624 | K23: ='North America'!K23+Europe!K23+APAC!K23+'Latin America'!K23+MEA!K23 -> 3011.0897 | ... Q23: ='North America'!Q23+Europe!Q23+APAC!Q23+'Latin America'!Q23+MEA!Q23 -> 6807.2166 | R23: =RATE(12,,-E23,Q23) -> 0.14125048 | S23: Culture-Based | T23: 0.25 | U23: 0.25155594 | V23: 0.25312155 | W23: 0.25469692 | X23: 0.25628209 | Y23: 0.25787712 | Z23: 0.25948208 | AA23: 0.26109703 | AB23: 0.26272203 | AC23: 0.26435714 | AD23: 0.26600243 | AE23: 0.26765796 | AF23: 0.2693238 | AG23: 0.271
B24: Molecular Technology | D24: ='North America'!D24+Europe!D24+APAC!D24+'Latin America'!D24+MEA!D24 -> 2001.8405 | E24: ='North America'!E24+Europe!E24+APAC!E24+'Latin America'!E24+MEA!E24 -> 2111.4732 | F24: ='North America'!F24+Europe!F24+APAC!F24+'Latin America'!F24+MEA!F24 -> 2384.0915 | G24: ='North America'!G24+Europe!G24+APAC!G24+'Latin America'!G24+MEA!G24 -> 2695.1831 | H24: ='North America'!H24+Europe!H24+APAC!H24+'Latin America'!H24+MEA!H24 -> 3050.5827 | I24: ='North America'!I24+Europe!I24+APAC!I24+'Latin America'!I24+MEA!I24 -> 3457.0782 | J24: ='North America'!J24+Europe!J24+APAC!J24+'Latin America'!J24+MEA!J24 -> 3922.5788 | K24: ='North America'!K24+Europe!K24+APAC!K24+'Latin America'!K24+MEA!K24 -> 4456.3154 | ... Q24: ='North America'!Q24+Europe!Q24+APAC!Q24+'Latin America'!Q24+MEA!Q24 -> 9846.6011 | R24: =RATE(12,,-E24,Q24) -> 0.13690733 | S24: Molecular Technology | T24: 0.38 | U24: 0.38090989 | V24: 0.38182196 | W24: 0.38273621 | X24: 0.38365265 | Y24: 0.38457129 | Z24: 0.38549212 | AA24: 0.38641516 | AB24: 0.38734041 | AC24: 0.38826788 | AD24: 0.38919756 | AE24: 0.39012948 | AF24: 0.39106362 | AG24: 0.392
B25: PCR | D25: ='North America'!D25+Europe!D25+APAC!D25+'Latin America'!D25+MEA!D25 -> 700.64416 | E25: ='North America'!E25+Europe!E25+APAC!E25+'Latin America'!E25+MEA!E25 -> 737.71892 | F25: ='North America'!F25+Europe!F25+APAC!F25+'Latin America'!F25+MEA!F25 -> 831.50639 | G25: ='North America'!G25+Europe!G25+APAC!G25+'Latin America'!G25+MEA!G25 -> 938.35731 | H25: ='North America'!H25+Europe!H25+APAC!H25+'Latin America'!H25+MEA!H25 -> 1060.23 | I25: ='North America'!I25+Europe!I25+APAC!I25+'Latin America'!I25+MEA!I25 -> 1199.3993 | J25: ='North America'!J25+Europe!J25+APAC!J25+'Latin America'!J25+MEA!J25 -> 1358.5123 | K25: ='North America'!K25+Europe!K25+APAC!K25+'Latin America'!K25+MEA!K25 -> 1540.6541 | ... Q25: ='North America'!Q25+Europe!Q25+APAC!Q25+'Latin America'!Q25+MEA!Q25 -> 3368.5223 | R25: =RATE(12,,-E25,Q25) -> 0.13491249 | S25: PCR | T25: 0.35 | U25: 0.34938588 | V25: 0.34877285 | W25: 0.34816088 | X25: 0.34754999 | Y25: 0.34694018 | Z25: 0.34633143 | AA25: 0.34572375 | AB25: 0.34511714 | AC25: 0.34451159 | AD25: 0.3439071 | AE25: 0.34330368 | AF25: 0.34270131 | AG25: 0.3421
B26: Microarray | D26: ='North America'!D26+Europe!D26+APAC!D26+'Latin America'!D26+MEA!D26 -> 560.51533 | E26: ='North America'!E26+Europe!E26+APAC!E26+'Latin America'!E26+MEA!E26 -> 593.28002 | F26: ='North America'!F26+Europe!F26+APAC!F26+'Latin America'!F26+MEA!F26 -> 672.22274 | G26: ='North America'!G26+Europe!G26+APAC!G26+'Latin America'!G26+MEA!G26 -> 762.59625 | H26: ='North America'!H26+Europe!H26+APAC!H26+'Latin America'!H26+MEA!H26 -> 866.17435 | I26: ='North America'!I26+Europe!I26+APAC!I26+'Latin America'!I26+MEA!I26 -> 985.02635 | J26: ='North America'!J26+Europe!J26+APAC!J26+'Latin America'!J26+MEA!J26 -> 1121.5701 | K26: ='North America'!K26+Europe!K26+APAC!K26+'Latin America'!K26+MEA!K26 -> 1278.6357 | ... Q26: ='North America'!Q26+Europe!Q26+APAC!Q26+'Latin America'!Q26+MEA!Q26 -> 2885.0541 | R26: =RATE(12,,-E26,Q26) -> 0.14088321 | S26: Microarray | T26: 0.28 | U26: 0.28097919 | V26: 0.2819618 | W26: 0.28294785 | X26: 0.28393735 | Y26: 0.2849303 | Z26: 0.28592673 | AA26: 0.28692665 | AB26: 0.28793006 | AC26: 0.28893698 | AD26: 0.28994742 | AE26: 0.2909614 | AF26: 0.29197892 | AG26: 0.293
B27: PNA-FISH | D27: ='North America'!D27+Europe!D27+APAC!D27+'Latin America'!D27+MEA!D27 -> 740.68097 | E27: ='North America'!E27+Europe!E27+APAC!E27+'Latin America'!E27+MEA!E27 -> 780.47423 | F27: ='North America'!F27+Europe!F27+APAC!F27+'Latin America'!F27+MEA!F27 -> 880.3624 | G27: ='North America'!G27+Europe!G27+APAC!G27+'Latin America'!G27+MEA!G27 -> 994.22949 | H27: ='North America'!H27+Europe!H27+APAC!H27+'Latin America'!H27+MEA!H27 -> 1124.1783 | I27: ='North America'!I27+Europe!I27+APAC!I27+'Latin America'!I27+MEA!I27 -> 1272.6525 | J27: ='North America'!J27+Europe!J27+APAC!J27+'Latin America'!J27+MEA!J27 -> 1442.4963 | K27: ='North America'!K27+Europe!K27+APAC!K27+'Latin America'!K27+MEA!K27 -> 1637.0257 | ... Q27: ='North America'!Q27+Europe!Q27+APAC!Q27+'Latin America'!Q27+MEA!Q27 -> 3593.0248 | R27: =RATE(12,,-E27,Q27) -> 0.13568652 | S27: PNA-FISH | T27: =1-SUM(T25:T26) -> 0.37 | U27: =1-SUM(U25:U26) -> 0.36963493 | V27: =1-SUM(V25:V26) -> 0.36926535 | W27: =1-SUM(W25:W26) -> 0.36889127 | X27: =1-SUM(X25:X26) -> 0.36851266 | Y27: =1-SUM(Y25:Y26) -> 0.36812952 | Z27: =1-SUM(Z25:Z26) -> 0.36774184 | AA27: =1-SUM(AA25:AA26) -> 0.3673496 | ... AG27: =1-SUM(AG25:AG26) -> 0.3649
B28: Proteomic Technologies | D28: ='North America'!D28+Europe!D28+APAC!D28+'Latin America'!D28+MEA!D28 -> 1949.1604 | E28: ='North America'!E28+Europe!E28+APAC!E28+'Latin America'!E28+MEA!E28 -> 2037.3284 | F28: ='North America'!F28+Europe!F28+APAC!F28+'Latin America'!F28+MEA!F28 -> 2279.4081 | G28: ='North America'!G28+Europe!G28+APAC!G28+'Latin America'!G28+MEA!G28 -> 2553.153 | H28: ='North America'!H28+Europe!H28+APAC!H28+'Latin America'!H28+MEA!H28 -> 2863.0295 | I28: ='North America'!I28+Europe!I28+APAC!I28+'Latin America'!I28+MEA!I28 -> 3214.1865 | J28: ='North America'!J28+Europe!J28+APAC!J28+'Latin America'!J28+MEA!J28 -> 3612.5684 | K28: ='North America'!K28+Europe!K28+APAC!K28+'Latin America'!K28+MEA!K28 -> 4065.0498 | ... Q28: ='North America'!Q28+Europe!Q28+APAC!Q28+'Latin America'!Q28+MEA!Q28 -> 8465.0627 | R28: =RATE(12,,-E28,Q28) -> 0.12602343 | S28: Proteomic Technologies | T28: =1-SUM(T23+T24) -> 0.37 | U28: =1-SUM(U23+U24) -> 0.36753418 | V28: =1-SUM(V23+V24) -> 0.36505649 | W28: =1-SUM(W23+W24) -> 0.36256687 | X28: =1-SUM(X23+X24) -> 0.36006526 | Y28: =1-SUM(Y23+Y24) -> 0.3575516 | Z28: =1-SUM(Z23+Z24) -> 0.3550258 | AA28: =1-SUM(AA23+AA24) -> 0.35248781 | ... AG28: =1-SUM(AG23+AG24) -> 0.337
A30: Application | B30: Bacteremia | D30: ='North America'!D30+Europe!D30+APAC!D30+'Latin America'!D30+MEA!D30 -> 2112.4685 | E30: ='North America'!E30+Europe!E30+APAC!E30+'Latin America'!E30+MEA!E30 -> 2231.9887 | F30: ='North America'!F30+Europe!F30+APAC!F30+'Latin America'!F30+MEA!F30 -> 2524.4979 | G30: ='North America'!G30+Europe!G30+APAC!G30+'Latin America'!G30+MEA!G30 -> 2858.8147 | H30: ='North America'!H30+Europe!H30+APAC!H30+'Latin America'!H30+MEA!H30 -> 3241.352 | I30: ='North America'!I30+Europe!I30+APAC!I30+'Latin America'!I30+MEA!I30 -> 3679.5801 | J30: ='North America'!J30+Europe!J30+APAC!J30+'Latin America'!J30+MEA!J30 -> 4182.2153 | K30: ='North America'!K30+Europe!K30+APAC!K30+'Latin America'!K30+MEA!K30 -> 4759.4448 | ... Q30: ='North America'!Q30+Europe!Q30+APAC!Q30+'Latin America'!Q30+MEA!Q30 -> 10625.286 | R30: =RATE(12,,-E30,Q30) -> 0.138861 | S30: Bacteremia | T30: 0.401 | U30: 0.40265091 | V30: 0.40430861 | W30: 0.40597313 | X30: 0.40764451 | Y30: 0.40932277 | Z30: 0.41100794 | AA30: 0.41270005 | AB30: 0.41439913 | AC30: 0.4161052 | AD30: 0.41781829 | AE30: 0.41953843 | AF30: 0.42126566 | AG30: 0.423
B31: Fungemia | D31: ='North America'!D31+Europe!D31+APAC!D31+'Latin America'!D31+MEA!D31 -> 2270.5085 | E31: ='North America'!E31+Europe!E31+APAC!E31+'Latin America'!E31+MEA!E31 -> 2393.7705 | F31: ='North America'!F31+Europe!F31+APAC!F31+'Latin America'!F31+MEA!F31 -> 2701.613 | G31: ='North America'!G31+Europe!G31+APAC!G31+'Latin America'!G31+MEA!G31 -> 3052.7536 | H31: ='North America'!H31+Europe!H31+APAC!H31+'Latin America'!H31+MEA!H31 -> 3453.7393 | I31: ='North America'!I31+Europe!I31+APAC!I31+'Latin America'!I31+MEA!I31 -> 3912.1837 | J31: ='North America'!J31+Europe!J31+APAC!J31+'Latin America'!J31+MEA!J31 -> 4436.9545 | K31: ='North America'!K31+Europe!K31+APAC!K31+'Latin America'!K31+MEA!K31 -> 5038.3983 | ... Q31: ='North America'!Q31+Europe!Q31+APAC!Q31+'Latin America'!Q31+MEA!Q31 -> 11102.545 | R31: =RATE(12,,-E31,Q31) -> 0.13639244 | S31: Fungemia | T31: 0.431 | U31: 0.43183635 | V31: 0.43267432 | W31: 0.43351391 | X31: 0.43435514 | Y31: 0.43519799 | Z31: 0.43604249 | AA31: 0.43688862 | AB31: 0.43773639 | AC31: 0.43858581 | AD31: 0.43943688 | AE31: 0.4402896 | AF31: 0.44114397 | AG31: 0.442
B32: Mycobacterial Infection | D32: ='North America'!D32+Europe!D32+APAC!D32+'Latin America'!D32+MEA!D32 -> 885.0242 | E32: ='North America'!E32+Europe!E32+APAC!E32+'Latin America'!E32+MEA!E32 -> 917.47611 | F32: ='North America'!F32+Europe!F32+APAC!F32+'Latin America'!F32+MEA!F32 -> 1017.8766 | G32: ='North America'!G32+Europe!G32+APAC!G32+'Latin America'!G32+MEA!G32 -> 1130.3132 | H32: ='North America'!H32+Europe!H32+APAC!H32+'Latin America'!H32+MEA!H32 -> 1256.3269 | I32: ='North America'!I32+Europe!I32+APAC!I32+'Latin America'!I32+MEA!I32 -> 1397.6703 | J32: ='North America'!J32+Europe!J32+APAC!J32+'Latin America'!J32+MEA!J32 -> 1556.3398 | K32: ='North America'!K32+Europe!K32+APAC!K32+'Latin America'!K32+MEA!K32 -> 1734.6119 | ... Q32: ='North America'!Q32+Europe!Q32+APAC!Q32+'Latin America'!Q32+MEA!Q32 -> 3391.0489 | R32: =RATE(12,,-E32,Q32) -> 0.11509433 | S32: Mycobacterial Infection | T32: =1-SUM(T30:T31) -> 0.168 | U32: =1-SUM(U30:U31) -> 0.16551275 | V32: =1-SUM(V30:V31) -> 0.16301708 | W32: =1-SUM(W30:W31) -> 0.16051295 | X32: =1-SUM(X30:X31) -> 0.15800035 | Y32: =1-SUM(Y30:Y31) -> 0.15547923 | Z32: =1-SUM(Z30:Z31) -> 0.15294957 | AA32: =1-SUM(AA30:AA31) -> 0.15041133 | ... AG32: =1-SUM(AG30:AG31) -> 0.135

Sheet Europe
A2: Europe Blood Culture Test Market, 2023-36 (USD Million)
D12: 2023 | E12: 2024 | F12: 2025 | G12: 2026 | H12: 2027 | I12: 2028 | J12: 2029 | K12: 2030 | L12: 2031 | M12: 2032 | N12: 2033 | O12: 2034 | P12: 2035 | Q12: 2036 | R12: CAGR (2024-2036)
D13: =D38+D64+D90+D116+D142+D168+D194+D220 -> 1366.75 | E13: =E38+E64+E90+E116+E142+E168+E194+E220 -> 1520.4137 | F13: =F38+F64+F90+F116+F142+F168+F194+F220 -> 1693.4952 | G13: =G38+G64+G90+G116+G142+G168+G194+G220 -> 1888.6097 | H13: =H38+H64+H90+H116+H142+H168+H194+H220 -> 2108.7415 | I13: =I38+I64+I90+I116+I142+I168+I194+I220 -> 2357.2983 | J13: =J38+J64+J90+J116+J142+J168+J194+J220 -> 2638.1751 | K13: =K38+K64+K90+K116+K142+K168+K194+K220 -> 2955.8268 | ... Q13: =Q38+Q64+Q90+Q116+Q142+Q168+Q194+Q220 -> 5978.9295 | R13: =RATE(12,,-E13,Q13) -> 0.12086972 | T13: 2023 | U13: 2024 | V13: 2025 | W13: 2026 | X13: 2027 | Y13: 2028 | Z13: 2029 | AA13: 2030 | AB13: 2031 | AC13: 2032 | AD13: 2033 | AE13: 2034 | AF13: 2035 | AG13: 2036
A14: Test Type | B14: Phenotypic AST | D14: =D39+D65+D91+D117+D143+D169+D195+D221 -> 765.38 | E14: =E39+E65+E91+E117+E143+E169+E195+E221 -> 852.83291 | F14: =F39+F65+F91+F117+F143+F169+F195+F221 -> 951.48137 | G14: =G39+G65+G91+G117+G143+G169+G195+G221 -> 1062.8517 | H14: =H39+H65+H91+H117+H143+H169+H195+H221 -> 1188.6882 | I14: =I39+I65+I91+I117+I143+I169+I195+I221 -> 1330.9855 | J14: =J39+J65+J91+J117+J143+J169+J195+J221 -> 1492.0265 | K14: =K39+K65+K91+K117+K143+K169+K195+K221 -> 1674.4264 | ... Q14: =Q39+Q65+Q91+Q117+Q143+Q169+Q195+Q221 -> 3420.5456 | R14: =RATE(12,,-E14,Q14) -> 0.12271438 | S14: Phenotypic AST | T14: 0.56 | U14: 0.56092161 | V14: 0.56184474 | W14: 0.56276939 | X14: 0.56369557 | Y14: 0.56462326 | Z14: 0.56555248 | AA14: 0.56648323 | AB14: 0.56741552 | AC14: 0.56834934 | AD14: 0.56928469 | AE14: 0.57022158 | AF14: 0.57116002 | AG14: 0.5721
B15: Genotypic AST | D15: =D40+D66+D92+D118+D144+D170+D196+D222 -> 601.37 | E15: =E40+E66+E92+E118+E144+E170+E196+E222 -> 667.5808 | F15: =F40+F66+F92+F118+F144+F170+F196+F222 -> 742.01382 | G15: =G40+G66+G92+G118+G144+G170+G196+G222 -> 825.75797 | H15: =H40+H66+H92+H118+H144+H170+H196+H222 -> 920.05327 | I15: =I40+I66+I92+I118+I144+I170+I196+I222 -> 1026.3129 | J15: =J40+J66+J92+J118+J144+J170+J196+J222 -> 1146.1486 | K15: =K40+K66+K92+K118+K144+K170+K196+K222 -> 1281.4005 | ... Q15: =Q40+Q66+Q92+Q118+Q144+Q170+Q196+Q222 -> 2558.3839 | R15: =RATE(12,,-E15,Q15) -> 0.11846352 | S15: Genotypic AST | T15: =1-T14 -> 0.44 | U15: =1-U14 -> 0.43907839 | V15: =1-V14 -> 0.43815526 | W15: =1-W14 -> 0.43723061 | X15: =1-X14 -> 0.43630443 | Y15: =1-Y14 -> 0.43537674 | Z15: =1-Z14 -> 0.43444752 | AA15: =1-AA14 -> 0.43351677 | ... AG15: =1-AG14 -> 0.4279
A17: Product | B17: Instruments | D17: =D42+D68+D94+D120+D146+D172+D198+D224 -> 643.73925 | E17: =E42+E68+E94+E120+E146+E172+E198+E224 -> 715.17921 | F17: =F42+F68+F94+F120+F146+F172+F198+F224 -> 795.55193 | G17: =G42+G68+G94+G120+G146+G172+G198+G224 -> 886.04851 | H17: =H42+H68+H94+H120+H146+H172+H198+H224 -> 988.0265 | I17: =I42+I68+I94+I120+I146+I172+I198+I224 -> 1103.0343 | J17: =J42+J68+J94+J120+J146+J172+J198+J224 -> 1232.8395 | K17: =K42+K68+K94+K120+K146+K172+K198+K224 -> 1379.4617 | ... Q17: =Q42+Q68+Q94+Q120+Q146+Q172+Q198+Q224 -> 2768.2444 | R17: =RATE(12,,-E17,Q17) -> 0.11939268 | S17: Instruments | T17: 0.471 | U17: 0.47038462 | V17: 0.46976923 | W17: 0.46915385 | X17: 0.46853846 | Y17: 0.46792308 | Z17: 0.46730769 | AA17: 0.46669231 | AB17: 0.46607692 | AC17: 0.46546154 | AD17: 0.46484615 | AE17: 0.46423077 | AF17: 0.46361538 | AG17: 0.463
B18: Consumables | D18: =D43+D69+D95+D121+D147+D173+D199+D225 -> 723.01075 | E18: =E43+E69+E95+E121+E147+E173+E199+E225 -> 805.23449 | F18: =F43+F69+F95+F121+F147+F173+F199+F225 -> 897.94325 | G18: =G43+G69+G95+G121+G147+G173+G199+G225 -> 1002.5612 | H18: =H43+H69+H95+H121+H147+H173+H199+H225 -> 1120.715 | I18: =I43+I69+I95+I121+I147+I173+I199+I225 -> 1254.2641 | J18: =J43+J69+J95+J121+J147+J173+J199+J225 -> 1405.3356 | K18: =K43+K69+K95+K121+K147+K173+K199+K225 -> 1576.3652 | ... Q18: =Q43+Q69+Q95+Q121+Q147+Q173+Q199+Q225 -> 3210.6852 | R18: =RATE(12,,-E18,Q18) -> 0.12216386 | S18: Consumables | T18: =1-T17 -> 0.529 | U18: =1-U17 -> 0.52961538 | V18: =1-V17 -> 0.53023077 | W18: =1-W17 -> 0.53084615 | X18: =1-X17 -> 0.53146154 | Y18: =1-Y17 -> 0.53207692 | Z18: =1-Z17 -> 0.53269231 | AA18: =1-AA17 -> 0.53330769 | ... AG18: =1-AG17 -> 0.537
A20: Method | B20: Conventional | D20: =D45+D71+D97+D123+D149+D175+D201+D227 -> 548.06675 | E20: =E45+E71+E97+E123+E149+E175+E201+E227 -> 612.19595 | F20: =F45+F71+F97+F123+F149+F175+F201+F227 -> 684.69468 | G20: =G45+G71+G97+G123+G149+G175+G201+G227 -> 766.7248 | H20: =H45+H71+H97+H123+H149+H175+H201+H227 -> 859.6169 | I20: =I45+I71+I97+I123+I149+I175+I201+I227 -> 964.8959 | J20: =J45+J71+J97+J123+J149+J175+J201+J227 -> 1084.3109 | K20: =K45+K71+K97+K123+K149+K175+K201+K227 -> 1219.8699 | ... Q20: =Q45+Q71+Q97+Q123+Q149+Q175+Q201+Q227 -> 2529.0872 | R20: =RATE(12,,-E20,Q20) -> 0.12548431 | S20: Conventional | T20: 0.401 | U20: 0.40265091 | V20: 0.40430861 | W20: 0.40597313 | X20: 0.40764451 | Y20: 0.40932277 | Z20: 0.41100794 | AA20: 0.41270005 | AB20: 0.41439913 | AC20: 0.4161052 | AD20: 0.41781829 | AE20: 0.41953843 | AF20: 0.42126566 | AG20: 0.423
B21: Automated | D21: =D46+D72+D98+D124+D150+D176+D202+D228 -> 818.68325 | E21: =E46+E72+E98+E124+E150+E176+E202+E228 -> 908.21775 | F21: =F46+F72+F98+F124+F150+F176+F202+F228 -> 1008.8005 | G21: =G46+G72+G98+G124+G150+G176+G202+G228 -> 1121.8849 | H21: =H46+H72+H98+H124+H150+H176+H202+H228 -> 1249.1246 | I21: =I46+I72+I98+I124+I150+I176+I202+I228 -> 1392.4024 | J21: =J46+J72+J98+J124+J150+J176+J202+J228 -> 1553.8641 | K21: =K46+K72+K98+K124+K150+K176+K202+K228 -> 1735.957 | ... Q21: =Q46+Q72+Q98+Q124+Q150+Q176+Q202+Q228 -> 3449.8423 | R21: =RATE(12,,-E21,Q21) -> 0.117637 | S21: Automated | T21: =1-T20 -> 0.599 | U21: =1-U20 -> 0.59734909 | V21: =1-V20 -> 0.59569139 | W21: =1-W20 -> 0.59402687 | X21: =1-X20 -> 0.59235549 | Y21: =1-Y20 -> 0.59067723 | Z21: =1-Z20 -> 0.58899206 | AA21: =1-AA20 -> 0.58729995 | ... AG21: =1-AG20 -> 0.577
A23: Technology | B23: Culture-Based | D23: =D48+D74+D100+D126+D152+D178+D204+D230 -> 341.6875 | E23: =E48+E74+E100+E126+E152+E178+E204+E230 -> 382.46909 | F23: =F48+F74+F100+F126+F152+F178+F204+F230 -> 428.66013 | G23: =G48+G74+G100+G126+G152+G178+G204+G230 -> 481.02307 | H23: =H48+H74+H100+H126+H152+H178+H204+H230 -> 540.43267 | I23: =I48+I74+I100+I126+I152+I178+I204+I230 -> 607.89331 | J23: =J48+J74+J100+J126+J152+J178+J204+J230 -> 684.55915 | K23: =K48+K74+K100+K126+K152+K178+K204+K230 -> 771.75761 | ... Q23: =Q48+Q74+Q100+Q126+Q152+Q178+Q204+Q230 -> 1620.2899 | R23: =RATE(12,,-E23,Q23) -> 0.12784573 | S23: Culture-Based | T23: 0.25 | U23: 0.25155594 | V23: 0.25312155 | W23: 0.25469692 | X23: 0.25628209 | Y23: 0.25787712 | Z23: 0.25948208 | AA23: 0.26109703 | AB23: 0.26272203 | AC23: 0.26435714 | AD23: 0.26600243 | AE23: 0.26765796 | AF23: 0.2693238 | AG23: 0.271
B24: Molecular Technology | D24: =D49+D75+D101+D127+D153+D179+D205+D231 -> 519.365 | E24: =E49+E75+E101+E127+E153+E179+E205+E231 -> 579.14062 | F24: =F49+F75+F101+F127+F153+F179+F205+F231 -> 646.61365 | G24: =G49+G75+G101+G127+G153+G179+G205+G231 -> 722.83932 | H24: =H49+H75+H101+H127+H153+H179+H205+H231 -> 809.02426 | I24: =I49+I75+I101+I127+I153+I179+I205+I231 -> 906.54926 | J24: =J49+J75+J101+J127+J153+J179+J205+J231 -> 1016.9957 | K24: =K49+K75+K101+K127+K153+K179+K205+K231 -> 1142.1763 | ... Q24: =Q49+Q75+Q101+Q127+Q153+Q179+Q205+Q231 -> 2343.7404 | R24: =RATE(12,,-E24,Q24) -> 0.12355359 | S24: Molecular Technology | T24: 0.38 | U24: 0.38090989 | V24: 0.38182196 | W24: 0.38273621 | X24: 0.38365265 | Y24: 0.38457129 | Z24: 0.38549212 | AA24: 0.38641516 | AB24: 0.38734041 | AC24: 0.38826788 | AD24: 0.38919756 | AE24: 0.39012948 | AF24: 0.39106362 | AG24: 0.392
B25: PCR | D25: =D50+D76+D102+D128+D154+D180+D206+D232 -> 181.77775 | E25: =E50+E76+E102+E128+E154+E180+E206+E232 -> 202.34356 | F25: =F50+F76+F102+F128+F154+F180+F206+F232 -> 225.52128 | G25: =G50+G76+G102+G128+G154+G180+G206+G232 -> 251.66438 | H25: =H50+H76+H102+H128+H154+H180+H206+H232 -> 281.17638 | I25: =I50+I76+I102+I128+I154+I180+I206+I232 -> 314.51836 | J25: =J50+J76+J102+J128+J154+J180+J206+J232 -> 352.21757 | K25: =K50+K76+K102+K128+K154+K180+K206+K232 -> 394.87748 | ... Q25: =Q50+Q76+Q102+Q128+Q154+Q180+Q206+Q232 -> 801.79358 | R25: =RATE(12,,-E25,Q25) -> 0.12158218 | S25: PCR | T25: 0.35 | U25: 0.34938588 | V25: 0.34877285 | W25: 0.34816088 | X25: 0.34754999 | Y25: 0.34694018 | Z25: 0.34633143 | AA25: 0.34572375 | AB25: 0.34511714 | AC25: 0.34451159 | AD25: 0.3439071 | AE25: 0.34330368 | AF25: 0.34270131 | AG25: 0.3421
B26: Microarray | D26: =D51+D77+D103+D129+D155+D181+D207+D233 -> 145.4222 | E26: =E51+E77+E103+E129+E155+E181+E207+E233 -> 162.72646 | F26: =F51+F77+F103+F129+F155+F181+F207+F233 -> 182.32035 | G26: =G51+G77+G103+G129+G155+G181+G207+G233 -> 204.52583 | H26: =H51+H77+H103+H129+H155+H181+H207+H233 -> 229.7122 | I26: =I51+I77+I103+I129+I155+I181+I207+I233 -> 258.30336 | J26: =J51+J77+J103+J129+J155+J181+J207+J233 -> 290.78626 | K26: =K51+K77+K103+K129+K155+K181+K207+K233 -> 327.72082 | ... Q26: =Q51+Q77+Q103+Q129+Q155+Q181+Q207+Q233 -> 686.71593 | R26: =RATE(12,,-E26,Q26) -> 0.12748277 | S26: Microarray | T26: 0.28 | U26: 0.28097919 | V26: 0.2819618 | W26: 0.28294785 | X26: 0.28393735 | Y26: 0.2849303 | Z26: 0.28592673 | AA26: 0.28692665 | AB26: 0.28793006 | AC26: 0.28893698 | AD26: 0.28994742 | AE26: 0.2909614 | AF26: 0.29197892 | AG26: 0.293
B27: PNA-FISH | D27: =D52+D78+D104+D130+D156+D182+D208+D234 -> 192.16505 | E27: =E52+E78+E104+E130+E156+E182+E208+E234 -> 214.0706 | F27: =F52+F78+F104+F130+F156+F182+F208+F234 -> 238.77202 | G27: =G52+G78+G104+G130+G156+G182+G208+G234 -> 266.64911 | H27: =H52+H78+H104+H130+H156+H182+H208+H234 -> 298.13568 | I27: =I52+I78+I104+I130+I156+I182+I208+I234 -> 333.72754 | J27: =J52+J78+J104+J130+J156+J182+J208+J234 -> 373.99187 | K27: =K52+K78+K104+K130+K156+K182+K208+K234 -> 419.57801 | ... Q27: =Q52+Q78+Q104+Q130+Q156+Q182+Q208+Q234 -> 855.23086 | R27: =RATE(12,,-E27,Q27) -> 0.12234712 | S27: PNA-FISH | T27: =1-SUM(T25:T26) -> 0.37 | U27: =1-SUM(U25:U26) -> 0.36963493 | V27: =1-SUM(V25:V26) -> 0.36926535 | W27: =1-SUM(W25:W26) -> 0.36889127 | X27: =1-SUM(X25:X26) -> 0.36851266 | Y27: =1-SUM(Y25:Y26) -> 0.36812952 | Z27: =1-SUM(Z25:Z26) -> 0.36774184 | AA27: =1-SUM(AA25:AA26) -> 0.3673496 | ... AG27: =1-SUM(AG25:AG26) -> 0.3649
B28: Proteomic Technologies | D28: =D53+D79+D105+D131+D157+D183+D209+D235 -> 505.6975 | E28: =E53+E79+E105+E131+E157+E183+E209+E235 -> 558.804 | F28: =F53+F79+F105+F131+F157+F183+F209+F235 -> 618.2214 | G28: =G53+G79+G105+G131+G157+G183+G209+G235 -> 684.74732 | H28: =H53+H79+H105+H131+H157+H183+H209+H235 -> 759.28456 | I28: =I53+I79+I105+I131+I157+I183+I209+I235 -> 842.85578 | J28: =J53+J79+J105+J131+J157+J183+J209+J235 -> 936.62021 | K28: =K53+K79+K105+K131+K157+K183+K209+K235 -> 1041.8929 | ... Q28: =Q53+Q79+Q105+Q131+Q157+Q183+Q209+Q235 -> 2014.8992 | R28: =RATE(12,,-E28,Q28) -> 0.11279753 | S28: Proteomic Technologies | T28: =1-SUM(T23+T24) -> 0.37 | U28: =1-SUM(U23+U24) -> 0.36753418 | V28: =1-SUM(V23+V24) -> 0.36505649 | W28: =1-SUM(W23+W24) -> 0.36256687 | X28: =1-SUM(X23+X24) -> 0.36006526 | Y28: =1-SUM(Y23+Y24) -> 0.3575516 | Z28: =1-SUM(Z23+Z24) -> 0.3550258 | AA28: =1-SUM(AA23+AA24) -> 0.35248781 | ... AG28: =1-SUM(AG23+AG24) -> 0.337
A30: Application | B30: Bacteremia | D30: =D55+D81+D107+D133+D159+D185+D211+D237 -> 548.06675 | E30: =E55+E81+E107+E133+E159+E185+E211+E237 -> 612.19595 | F30: =F55+F81+F107+F133+F159+F185+F211+F237 -> 684.69468 | G30: =G55+G81+G107+G133+G159+G185+G211+G237 -> 766.7248 | H30: =H55+H81+H107+H133+H159+H185+H211+H237 -> 859.6169 | I30: =I55+I81+I107+I133+I159+I185+I211+I237 -> 964.8959 | J30: =J55+J81+J107+J133+J159+J185+J211+J237 -> 1084.3109 | K30: =K55+K81+K107+K133+K159+K185+K211+K237 -> 1219.8699 | ... Q30: =Q55+Q81+Q107+Q133+Q159+Q185+Q211+Q237 -> 2529.0872 | R30: =RATE(12,,-E30,Q30) -> 0.12548431 | S30: Bacteremia | T30: 0.401 | U30: 0.40265091 | V30: 0.40430861 | W30: 0.40597313 | X30: 0.40764451 | Y30: 0.40932277 | Z30: 0.41100794 | AA30: 0.41270005 | AB30: 0.41439913 | AC30: 0.4161052 | AD30: 0.41781829 | AE30: 0.41953843 | AF30: 0.42126566 | AG30: 0.423
B31: Fungemia | D31: =D56+D82+D108+D134+D160+D186+D212+D238 -> 589.06925 | E31: =E56+E82+E108+E134+E160+E186+E212+E238 -> 656.5699 | F31: =F56+F82+F108+F134+F160+F186+F212+F238 -> 732.73187 | G31: =G56+G82+G108+G134+G160+G186+G212+G238 -> 818.73858 | H31: =H56+H82+H108+H134+H160+H186+H212+H238 -> 915.9427 | I31: =I56+I82+I108+I134+I160+I186+I212+I238 -> 1025.8915 | J31: =J56+J82+J108+J134+J160+J186+J212+J238 -> 1150.3564 | K31: =K56+K82+K108+K134+K160+K186+K212+K238 -> 1291.3671 | ... Q31: =Q56+Q82+Q108+Q134+Q160+Q186+Q212+Q238 -> 2642.6868 | R31: =RATE(12,,-E31,Q31) -> 0.12304475 | S31: Fungemia | T31: 0.431 | U31: 0.43183635 | V31: 0.43267432 | W31: 0.43351391 | X31: 0.43435514 | Y31: 0.43519799 | Z31: 0.43604249 | AA31: 0.43688862 | AB31: 0.43773639 | AC31: 0.43858581 | AD31: 0.43943688 | AE31: 0.4402896 | AF31: 0.44114397 | AG31: 0.442
B32: Mycobacterial Infection | D32: =D57+D83+D109+D135+D161+D187+D213+D239 -> 229.614 | E32: =E57+E83+E109+E135+E161+E187+E213+E239 -> 251.64785 | F32: =F57+F83+F109+F135+F161+F187+F213+F239 -> 276.06863 | G32: =G57+G83+G109+G135+G161+G187+G213+G239 -> 303.14632 | H32: =H57+H83+H109+H135+H161+H187+H213+H239 -> 333.18189 | I32: =I57+I83+I109+I135+I161+I187+I213+I239 -> 366.51094 | J32: =J57+J83+J109+J135+J161+J187+J213+J239 -> 403.50774 | K32: =K57+K83+K109+K135+K161+K187+K213+K239 -> 444.58984 | ... Q32: =Q57+Q83+Q109+Q135+Q161+Q187+Q213+Q239 -> 807.15549 | R32: =RATE(12,,-E32,Q32) -> 0.1019968 | S32: Mycobacterial Infection | T32: =1-SUM(T30:T31) -> 0.168 | U32: =1-SUM(U30:U31) -> 0.16551275 | V32: =1-SUM(V30:V31) -> 0.16301708 | W32: =1-SUM(W30:W31) -> 0.16051295 | X32: =1-SUM(X30:X31) -> 0.15800035 | Y32: =1-SUM(Y30:Y31) -> 0.15547923 | Z32: =1-SUM(Z30:Z31) -> 0.15294957 | AA32: =1-SUM(AA30:AA31) -> 0.15041133 | ... AG32: =1-SUM(AG30:AG31) -> 0.135
A35: Germany Blood Culture Test Market
D37: 2023 | E37: 2024 | F37: 2025 | G37: 2026 | H37: 2027 | I37: 2028 | J37: 2029 | K37: 2030 | L37: 2031 | M37: 2032 | N37: 2033 | O37: 2034 | P37: 2035 | Q37: 2036 | R37: CAGR (2024-2036)
D38: ='Market Analysis'!C18 -> 341.6875 | E38: ='Market Analysis'!D18 -> 393.624 | F38: ='Market Analysis'!E18 -> 453.1165 | G38: ='Market Analysis'!F18 -> 521.21344 | H38: ='Market Analysis'!G18 -> 599.10141 | I38: ='Market Analysis'!H18 -> 688.12235 | J38: ='Market Analysis'!I18 -> 789.79276 | K38: ='Market Analysis'!J18 -> 905.82511 | ... Q38: ='Market Analysis'!P18 -> 2030.8451 | R38: =RATE(12,,-E38,Q38) -> 0.14652343 | T38: 2023 | U38: 2024 | V38: 2025 | W38: 2026 | X38: 2027 | Y38: 2028 | Z38: 2029 | AA38: 2030 | AB38: 2031 | AC38: 2032 | AD38: 2033 | AE38: 2034 | AF38: 2035 | AG38: 2036
A39: Test Type | B39: Phenotypic AST | D39: =D38*T39 -> 191.345 | E39: =E38*U39 -> 220.79221 | F39: =F38*V39 -> 254.58112 | G39: =G38*W39 -> 293.32297 | H39: =H38*X39 -> 337.71081 | I39: =I38*Y39 -> 388.52989 | J39: =J38*Z39 -> 446.66926 | K39: =K38*AA39 -> 513.13474 | ... Q39: =Q38*AG39 -> 1161.8465 | R39: =RATE(12,,-E39,Q39) -> 0.14841031 | S39: Phenotypic AST | T39: 0.56 | U39: 0.56092161 | V39: 0.56184474 | W39: 0.56276939 | X39: 0.56369557 | Y39: 0.56462326 | Z39: 0.56555248 | AA39: 0.56648323 | AB39: 0.56741552 | AC39: 0.56834934 | AD39: 0.56928469 | AE39: 0.57022158 | AF39: 0.57116002 | AG39: 0.5721
B40: Genotypic AST | D40: =D38*T40 -> 150.3425 | E40: =E38*U40 -> 172.83179 | F40: =F38*V40 -> 198.53538 | G40: =G38*W40 -> 227.89047 | H40: =H38*X40 -> 261.3906 | I40: =I38*Y40 -> 299.59246 | J40: =J38*Z40 -> 343.1235 | K40: =K38*AA40 -> 392.69037 | ... Q40: =Q38*AG40 -> 868.9986 | R40: =RATE(12,,-E40,Q40) -> 0.14406216 | S40: Genotypic AST | T40: =1-T39 -> 0.44 | U40: =1-U39 -> 0.43907839 | V40: =1-V39 -> 0.43815526 | W40: =1-W39 -> 0.43723061 | X40: =1-X39 -> 0.43630443 | Y40: =1-Y39 -> 0.43537674 | Z40: =1-Z39 -> 0.43444752 | AA40: =1-AA39 -> 0.43351677 | ... AG40: =1-AG39 -> 0.4279
A42: Product | B42: Instruments | D42: =D38*T42 -> 160.93481 | E42: =E38*U42 -> 185.15467 | F42: =F38*V42 -> 212.86019 | G42: =G38*W42 -> 244.52929 | H42: =H38*X42 -> 280.70205 | I42: =I38*Y42 -> 321.98833 | J42: =J38*Z42 -> 369.07623 | K42: =K38*AA42 -> 422.74161 | ... Q42: =Q38*AG42 -> 940.28126 | R42: =RATE(12,,-E42,Q42) -> 0.14501258 | S42: Instruments | T42: 0.471 | U42: 0.47038462 | V42: 0.46976923 | W42: 0.46915385 | X42: 0.46853846 | Y42: 0.46792308 | Z42: 0.46730769 | AA42: 0.46669231 | AB42: 0.46607692 | AC42: 0.46546154 | AD42: 0.46484615 | AE42: 0.46423077 | AF42: 0.46361538 | AG42: 0.463
B43: Consumables | D43: =D38*T43 -> 180.75269 | E43: =E38*U43 -> 208.46933 | F43: =F38*V43 -> 240.25631 | G43: =G38*W43 -> 276.68415 | H43: =H38*X43 -> 318.39936 | I43: =I38*Y43 -> 366.13402 | J43: =J38*Z43 -> 420.71653 | K43: =K38*AA43 -> 483.0835 | ... Q43: =Q38*AG43 -> 1090.5638 | R43: =RATE(12,,-E43,Q43) -> 0.14784719 | S43: Consumables | T43: =1-T42 -> 0.529 | U43: =1-U42 -> 0.52961538 | V43: =1-V42 -> 0.53023077 | W43: =1-W42 -> 0.53084615 | X43: =1-X42 -> 0.53146154 | Y43: =1-Y42 -> 0.53207692 | Z43: =1-Z42 -> 0.53269231 | AA43: =1-AA42 -> 0.53330769 | ... AG43: =1-AG42 -> 0.537
A45: Method | B45: Conventional | D45: =D38*T45 -> 137.01669 | E45: =E38*U45 -> 158.49306 | F45: =F38*V45 -> 183.1989 | G45: =G38*W45 -> 211.59865 | H45: =H38*X45 -> 244.2204 | I45: =I38*Y45 -> 281.66415 | J45: =J38*Z45 -> 324.6111 | K45: =K38*AA45 -> 373.83407 | ... Q45: =Q38*AG45 -> 859.04746 | R45: =RATE(12,,-E45,Q45) -> 0.15124364 | S45: Conventional | T45: 0.401 | U45: 0.40265091 | V45: 0.40430861 | W45: 0.40597313 | X45: 0.40764451 | Y45: 0.40932277 | Z45: 0.41100794 | AA45: 0.41270005 | AB45: 0.41439913 | AC45: 0.4161052 | AD45: 0.41781829 | AE45: 0.41953843 | AF45: 0.42126566 | AG45: 0.423
B46: Automated | D46: =D38*T46 -> 204.67081 | E46: =E38*U46 -> 235.13094 | F46: =F38*V46 -> 269.9176 | G46: =G38*W46 -> 309.61479 | H46: =H38*X46 -> 354.88101 | I46: =I38*Y46 -> 406.4582 | J46: =J38*Z46 -> 465.18166 | K46: =K38*AA46 -> 531.99104 | ... Q46: =Q38*AG46 -> 1171.7976 | R46: =RATE(12,,-E46,Q46) -> 0.14321672 | S46: Automated | T46: =1-T45 -> 0.599 | U46: =1-U45 -> 0.59734909 | V46: =1-V45 -> 0.59569139 | W46: =1-W45 -> 0.59402687 | X46: =1-X45 -> 0.59235549 | Y46: =1-Y45 -> 0.59067723 | Z46: =1-Z45 -> 0.58899206 | AA46: =1-AA45 -> 0.58729995 | ... AG46: =1-AG45 -> 0.577
A48: Technology | B48: Culture-Based | D48: =D38*T48 -> 85.421875 | E48: =E38*U48 -> 99.018454 | F48: =F38*V48 -> 114.69355 | G48: =G38*W48 -> 132.75146 | H48: =H38*X48 -> 153.53896 | I48: =I38*Y48 -> 177.45101 | J48: =J38*Z48 -> 204.93707 | K48: =K38*AA48 -> 236.50825 | ... Q48: =Q38*AG48 -> 550.35901 | R48: =RATE(12,,-E48,Q48) -> 0.1536591 | S48: Culture-Based | T48: 0.25 | U48: 0.25155594 | V48: 0.25312155 | W48: 0.25469692 | X48: 0.25628209 | Y48: 0.25787712 | Z48: 0.25948208 | AA48: 0.26109703 | AB48: 0.26272203 | AC48: 0.26435714 | AD48: 0.26600243 | AE48: 0.26765796 | AF48: 0.2693238 | AG48: 0.271
B49: Molecular Technology | D49: =D38*T49 -> 129.84125 | E49: =E38*U49 -> 149.93527 | F49: =F38*V49 -> 173.00983 | G49: =G38*W49 -> 199.48726 | H49: =H38*X49 -> 229.84684 | I49: =I38*Y49 -> 264.6321 | J49: =J38*Z49 -> 304.45889 | K49: =K38*AA49 -> 350.02456 | ... Q49: =Q38*AG49 -> 796.09126 | R49: =RATE(12,,-E49,Q49) -> 0.14926872 | S49: Molecular Technology | T49: 0.38 | U49: 0.38090989 | V49: 0.38182196 | W49: 0.38273621 | X49: 0.38365265 | Y49: 0.38457129 | Z49: 0.38549212 | AA49: 0.38641516 | AB49: 0.38734041 | AC49: 0.38826788 | AD49: 0.38919756 | AE49: 0.39012948 | AF49: 0.39106362 | AG49: 0.392
B50: PCR | D50: =D49*T50 -> 45.444437 | E50: =E49*U50 -> 52.385268 | F50: =F49*V50 -> 60.34113 | G50: =G49*W50 -> 69.453659 | H50: =H49*X50 -> 79.883269 | I50: =I49*Y50 -> 91.811506 | J50: =J49*Z50 -> 105.44368 | K50: =K49*AA50 -> 121.0118 | ... Q50: =Q49*AG50 -> 272.34282 | R50: =RATE(12,,-E50,Q50) -> 0.14725219 | S50: PCR | T50: 0.35 | U50: 0.34938588 | V50: 0.34877285 | W50: 0.34816088 | X50: 0.34754999 | Y50: 0.34694018 | Z50: 0.34633143 | AA50: 0.34572375 | AB50: 0.34511714 | AC50: 0.34451159 | AD50: 0.3439071 | AE50: 0.34330368 | AF50: 0.34270131 | AG50: 0.3421
B51: Microarray | D51: =D49*T51 -> 36.35555 | E51: =E49*U51 -> 42.128692 | F51: =F49*V51 -> 48.782163 | G51: =G49*W51 -> 56.44449 | H51: =H49*X51 -> 65.262103 | I51: =I49*Y51 -> 75.401704 | J51: =J49*Z51 -> 87.052935 | K51: =K49*AA51 -> 100.43137 | ... Q51: =Q49*AG51 -> 233.25474 | R51: =RATE(12,,-E51,Q51) -> 0.15328783 | S51: Microarray | T51: 0.28 | U51: 0.28097919 | V51: 0.2819618 | W51: 0.28294785 | X51: 0.28393735 | Y51: 0.2849303 | Z51: 0.28592673 | AA51: 0.28692665 | AB51: 0.28793006 | AC51: 0.28893698 | AD51: 0.28994742 | AE51: 0.2909614 | AF51: 0.29197892 | AG51: 0.293
B52: PNA-FISH | D52: =D49*T52 -> 48.041263 | E52: =E49*U52 -> 55.421314 | F52: =F49*V52 -> 63.886536 | G52: =G49*W52 -> 73.589107 | H52: =H49*X52 -> 84.701472 | I52: =I49*Y52 -> 97.418887 | J52: =J49*Z52 -> 111.96227 | K52: =K49*AA52 -> 128.58138 | ... Q52: =Q49*AG52 -> 290.4937 | R52: =RATE(12,,-E52,Q52) -> 0.14803464 | S52: PNA-FISH | T52: =1-SUM(T50:T51) -> 0.37 | U52: =1-SUM(U50:U51) -> 0.36963493 | V52: =1-SUM(V50:V51) -> 0.36926535 | W52: =1-SUM(W50:W51) -> 0.36889127 | X52: =1-SUM(X50:X51) -> 0.36851266 | Y52: =1-SUM(Y50:Y51) -> 0.36812952 | Z52: =1-SUM(Z50:Z51) -> 0.36774184 | AA52: =1-SUM(AA50:AA51) -> 0.3673496 | ... AG52: =1-SUM(AG50:AG51) -> 0.3649
B53: Proteomic Technologies | D53: =D38*T53 -> 126.42437 | E53: =E38*U53 -> 144.67027 | F53: =F38*V53 -> 165.41312 | G53: =G38*W53 -> 188.97473 | H53: =H38*X53 -> 215.71561 | I53: =I38*Y53 -> 246.03924 | J53: =J38*Z53 -> 280.39681 | K53: =K38*AA53 -> 319.29231 | ... Q53: =Q38*AG53 -> 684.39479 | R53: =RATE(12,,-E53,Q53) -> 0.13826649 | S53: Proteomic Technologies | T53: =1-SUM(T48+T49) -> 0.37 | U53: =1-SUM(U48+U49) -> 0.36753418 | V53: =1-SUM(V48+V49) -> 0.36505649 | W53: =1-SUM(W48+W49) -> 0.36256687 | X53: =1-SUM(X48+X49) -> 0.36006526 | Y53: =1-SUM(Y48+Y49) -> 0.3575516 | Z53: =1-SUM(Z48+Z49) -> 0.3550258 | AA53: =1-SUM(AA48+AA49) -> 0.35248781 | ... AG53: =1-SUM(AG48+AG49) -> 0.337
A55: Application | B55: Bacteremia | D55: =D38*T55 -> 137.01669 | E55: =E38*U55 -> 158.49306 | F55: =F38*V55 -> 183.1989 | G55: =G38*W55 -> 211.59865 | H55: =H38*X55 -> 244.2204 | I55: =I38*Y55 -> 281.66415 | J55: =J38*Z55 -> 324.6111 | K55: =K38*AA55 -> 373.83407 | ... Q55: =Q38*AG55 -> 859.04746 | R55: =RATE(12,,-E55,Q55) -> 0.15124364 | S55: Bacteremia | T55: 0.401 | U55: 0.40265091 | V55: 0.40430861 | W55: 0.40597313 | X55: 0.40764451 | Y55: 0.40932277 | Z55: 0.41100794 | AA55: 0.41270005 | AB55: 0.41439913 | AC55: 0.4161052 | AD55: 0.41781829 | AE55: 0.41953843 | AF55: 0.42126566 | AG55: 0.423
B56: Fungemia | D56: =D38*T56 -> 147.26731 | E56: =E38*U56 -> 169.98115 | F56: =F38*V56 -> 196.05187 | G56: =G38*W56 -> 225.95328 | H56: =H38*X56 -> 260.22277 | I56: =I38*Y56 -> 299.46947 | J56: =J38*Z56 -> 344.3832 | K56: =K38*AA56 -> 395.74468 | ... Q56: =Q38*AG56 -> 897.63352 | R56: =RATE(12,,-E56,Q56) -> 0.14874824 | S56: Fungemia | T56: 0.431 | U56: 0.43183635 | V56: 0.43267432 | W56: 0.43351391 | X56: 0.43435514 | Y56: 0.43519799 | Z56: 0.43604249 | AA56: 0.43688862 | AB56: 0.43773639 | AC56: 0.43858581 | AD56: 0.43943688 | AE56: 0.4402896 | AF56: 0.44114397 | AG56: 0.442
B57: Mycobacterial Infection | D57: =D38*T57 -> 57.4035 | E57: =E38*U57 -> 65.14979 | F57: =F38*V57 -> 73.865727 | G57: =G38*W57 -> 83.661509 | H57: =H38*X57 -> 94.658232 | I57: =I38*Y57 -> 106.98873 | J57: =J38*Z57 -> 120.79846 | K57: =K38*AA57 -> 136.24636 | ... Q57: =Q38*AG57 -> 274.16408 | R57: =RATE(12,,-E57,Q57) -> 0.12721855 | S57: Mycobacterial Infection | T57: =1-SUM(T55:T56) -> 0.168 | U57: =1-SUM(U55:U56) -> 0.16551275 | V57: =1-SUM(V55:V56) -> 0.16301708 | W57: =1-SUM(W55:W56) -> 0.16051295 | X57: =1-SUM(X55:X56) -> 0.15800035 | Y57: =1-SUM(Y55:Y56) -> 0.15547923 | Z57: =1-SUM(Z55:Z56) -> 0.15294957 | AA57: =1-SUM(AA55:AA56) -> 0.15041133 | ... AG57: =1-SUM(AG55:AG56) -> 0.135
A61: UK Blood Culture Test Market
D63: 2023 | E63: 2024 | F63: 2025 | G63: 2026 | H63: 2027 | I63: 2028 | J63: 2029 | K63: 2030 | L63: 2031 | M63: 2032 | N63: 2033 | O63: 2034 | P63: 2035 | Q63: 2036 | R63: CAGR (2024-2036)
D64: ='Market Analysis'!C20 -> 273.35 | E64: ='Market Analysis'!D20 -> 307.92878 | F64: ='Market Analysis'!E20 -> 347.37236 | G64: ='Market Analysis'!F20 -> 392.4288 | H64: ='Market Analysis'!G20 -> 443.97043 | I64: ='Market Analysis'!H20 -> 503.01593 | J64: ='Market Analysis'!I20 -> 570.7567 | K64: ='Market Analysis'!J20 -> 648.58812 | ... Q64: ='Market Analysis'!P20 -> 1442.4691 | R64: =RATE(12,,-E64,Q64) -> 0.137334 | T64: 2023 | U64: 2024 | V64: 2025 | W64: 2026 | X64: 2027 | Y64: 2028 | Z64: 2029 | AA64: 2030 | AB64: 2031 | AC64: 2032 | AD64: 2033 | AE64: 2034 | AF64: 2035 | AG64: 2036
A65: Test Type | B65: Phenotypic AST | D65: =D64*T65 -> 153.076 | E65: =E64*U65 -> 172.72391 | F65: =F64*V65 -> 195.16933 | G65: =G64*W65 -> 220.84692 | H65: =H64*X65 -> 250.26416 | I65: =I64*Y65 -> 284.0145 | J65: =J64*Z65 -> 322.79287 | K65: =K64*AA65 -> 367.41429 | ... Q65: =Q64*AG65 -> 825.23659 | R65: =RATE(12,,-E65,Q65) -> 0.13920575 | S65: Phenotypic AST | T65: 0.56 | U65: 0.56092161 | V65: 0.56184474 | W65: 0.56276939 | X65: 0.56369557 | Y65: 0.56462326 | Z65: 0.56555248 | AA65: 0.56648323 | AB65: 0.56741552 | AC65: 0.56834934 | AD65: 0.56928469 | AE65: 0.57022158 | AF65: 0.57116002 | AG65: 0.5721
B66: Genotypic AST | D66: =D64*T66 -> 120.274 | E66: =E64*U66 -> 135.20487 | F66: =F64*V66 -> 152.20302 | G66: =G64*W66 -> 171.58188 | H66: =H64*X66 -> 193.70627 | I66: =I64*Y66 -> 219.00144 | J66: =J64*Z66 -> 247.96383 | K66: =K64*AA66 -> 281.17382 | ... Q66: =Q64*AG66 -> 617.23254 | R66: =RATE(12,,-E66,Q66) -> 0.13489245 | S66: Genotypic AST | T66: =1-T65 -> 0.44 | U66: =1-U65 -> 0.43907839 | V66: =1-V65 -> 0.43815526 | W66: =1-W65 -> 0.43723061 | X66: =1-X65 -> 0.43630443 | Y66: =1-Y65 -> 0.43537674 | Z66: =1-Z65 -> 0.43444752 | AA66: =1-AA65 -> 0.43351677 | ... AG66: =1-AG65 -> 0.4279
A68: Product | B68: Instruments | D68: =D64*T68 -> 128.74785 | E68: =E64*U68 -> 144.84496 | F68: =F64*V68 -> 163.18485 | G68: =G64*W68 -> 184.10948 | H68: =H64*X68 -> 208.01722 | I68: =I64*Y68 -> 235.37276 | J68: =J64*Z68 -> 266.719 | K68: =K64*AA68 -> 302.69109 | ... Q68: =Q64*AG68 -> 667.86321 | R68: =RATE(12,,-E68,Q68) -> 0.13583526 | S68: Instruments | T68: 0.471 | U68: 0.47038462 | V68: 0.46976923 | W68: 0.46915385 | X68: 0.46853846 | Y68: 0.46792308 | Z68: 0.46730769 | AA68: 0.46669231 | AB68: 0.46607692 | AC68: 0.46546154 | AD68: 0.46484615 | AE68: 0.46423077 | AF68: 0.46361538 | AG68: 0.463
B69: Consumables | D69: =D64*T69 -> 144.60215 | E69: =E64*U69 -> 163.08382 | F69: =F64*V69 -> 184.18751 | G69: =G64*W69 -> 208.31932 | H69: =H64*X69 -> 235.95321 | I69: =I64*Y69 -> 267.64317 | J69: =J64*Z69 -> 304.0377 | K69: =K64*AA69 -> 345.89703 | ... Q69: =Q64*AG69 -> 774.60593 | R69: =RATE(12,,-E69,Q69) -> 0.13864715 | S69: Consumables | T69: =1-T68 -> 0.529 | U69: =1-U68 -> 0.52961538 | V69: =1-V68 -> 0.53023077 | W69: =1-W68 -> 0.53084615 | X69: =1-X68 -> 0.53146154 | Y69: =1-Y68 -> 0.53207692 | Z69: =1-Z68 -> 0.53269231 | AA69: =1-AA68 -> 0.53330769 | ... AG69: =1-AG68 -> 0.537
A71: Method | B71: Conventional | D71: =D64*T71 -> 109.61335 | E71: =E64*U71 -> 123.9878 | F71: =F64*V71 -> 140.44563 | G71: =G64*W71 -> 159.31555 | H71: =H64*X71 -> 180.98211 | I71: =I64*Y71 -> 205.89588 | J71: =J64*Z71 -> 234.58554 | K71: =K64*AA71 -> 267.67235 | ... Q71: =Q64*AG71 -> 610.16444 | R71: =RATE(12,,-E71,Q71) -> 0.14201637 | S71: Conventional | T71: 0.401 | U71: 0.40265091 | V71: 0.40430861 | W71: 0.40597313 | X71: 0.40764451 | Y71: 0.40932277 | Z71: 0.41100794 | AA71: 0.41270005 | AB71: 0.41439913 | AC71: 0.4161052 | AD71: 0.41781829 | AE71: 0.41953843 | AF71: 0.42126566 | AG71: 0.423
B72: Automated | D72: =D64*T72 -> 163.73665 | E72: =E64*U72 -> 183.94097 | F72: =F64*V72 -> 206.92672 | G72: =G64*W72 -> 233.11325 | H72: =H64*X72 -> 262.98832 | I72: =I64*Y72 -> 297.12006 | J72: =J64*Z72 -> 336.17116 | K72: =K64*AA72 -> 380.91577 | ... Q72: =Q64*AG72 -> 832.30469 | R72: =RATE(12,,-E72,Q72) -> 0.13405379 | S72: Automated | T72: =1-T71 -> 0.599 | U72: =1-U71 -> 0.59734909 | V72: =1-V71 -> 0.59569139 | W72: =1-W71 -> 0.59402687 | X72: =1-X71 -> 0.59235549 | Y72: =1-Y71 -> 0.59067723 | Z72: =1-Z71 -> 0.58899206 | AA72: =1-AA71 -> 0.58729995 | ... AG72: =1-AG71 -> 0.577
A74: Technology | B74: Culture-Based | D74: =D64*T74 -> 68.3375 | E74: =E64*U74 -> 77.461311 | F74: =F64*V74 -> 87.927431 | G74: =G64*W74 -> 99.950407 | H74: =H64*X74 -> 113.78167 | I74: =I64*Y74 -> 129.7163 | J74: =J64*Z74 -> 148.10114 | K74: =K64*AA74 -> 169.34443 | ... Q74: =Q64*AG74 -> 390.90914 | R74: =RATE(12,,-E74,Q74) -> 0.14441247 | S74: Culture-Based | T74: 0.25 | U74: 0.25155594 | V74: 0.25312155 | W74: 0.25469692 | X74: 0.25628209 | Y74: 0.25787712 | Z74: 0.25948208 | AA74: 0.26109703 | AB74: 0.26272203 | AC74: 0.26435714 | AD74: 0.26600243 | AE74: 0.26765796 | AF74: 0.2693238 | AG74: 0.271
B75: Molecular Technology | D75: =D64*T75 -> 103.873 | E75: =E64*U75 -> 117.29312 | F75: =F64*V75 -> 132.63439 | G75: =G64*W75 -> 150.19671 | H75: =H64*X75 -> 170.33043 | I75: =I64*Y75 -> 193.44548 | J75: =J64*Z75 -> 220.02221 | K75: =K64*AA75 -> 250.62428 | ... Q75: =Q64*AG75 -> 565.4479 | R75: =RATE(12,,-E75,Q75) -> 0.14005728 | S75: Molecular Technology | T75: 0.38 | U75: 0.38090989 | V75: 0.38182196 | W75: 0.38273621 | X75: 0.38365265 | Y75: 0.38457129 | Z75: 0.38549212 | AA75: 0.38641516 | AB75: 0.38734041 | AC75: 0.38826788 | AD75: 0.38919756 | AE75: 0.39012948 | AF75: 0.39106362 | AG75: 0.392
B76: PCR | D76: =D75*T76 -> 36.35555 | E76: =E75*U76 -> 40.980559 | F76: =F75*V76 -> 46.259275 | G76: =G75*W76 -> 52.29262 | H76: =H75*X76 -> 59.19834 | I76: =I75*Y76 -> 67.11401 | J76: =J75*Z76 -> 76.200606 | K76: =K75*AA76 -> 86.646766 | ... Q76: =Q75*AG76 -> 193.43973 | R76: =RATE(12,,-E76,Q76) -> 0.13805692 | S76: PCR | T76: 0.35 | U76: 0.34938588 | V76: 0.34877285 | W76: 0.34816088 | X76: 0.34754999 | Y76: 0.34694018 | Z76: 0.34633143 | AA76: 0.34572375 | AB76: 0.34511714 | AC76: 0.34451159 | AD76: 0.3439071 | AE76: 0.34330368 | AF76: 0.34270131 | AG76: 0.3421
B77: Microarray | D77: =D75*T77 -> 29.08444 | E77: =E75*U77 -> 32.956924 | F77: =F75*V77 -> 37.397833 | G77: =G75*W77 -> 42.497837 | H77: =H75*X77 -> 48.363171 | I77: =I75*Y77 -> 55.118481 | J77: =J75*Z77 -> 62.910232 | K77: =K75*AA77 -> 71.910785 | ... Q77: =Q75*AG77 -> 165.67623 | R77: =RATE(12,,-E77,Q77) -> 0.14404418 | S77: Microarray | T77: 0.28 | U77: 0.28097919 | V77: 0.2819618 | W77: 0.28294785 | X77: 0.28393735 | Y77: 0.2849303 | Z77: 0.28592673 | AA77: 0.28692665 | AB77: 0.28793006 | AC77: 0.28893698 | AD77: 0.28994742 | AE77: 0.2909614 | AF77: 0.29197892 | AG77: 0.293
B78: PNA-FISH | D78: =D75*T78 -> 38.43301 | E78: =E75*U78 -> 43.355632 | F78: =F75*V78 -> 48.977286 | G78: =G75*W78 -> 55.406256 | H78: =H75*X78 -> 62.76892 | I78: =I75*Y78 -> 71.212993 | J78: =J75*Z78 -> 80.911372 | K78: =K75*AA78 -> 92.06673 | ... Q78: =Q75*AG78 -> 206.33194 | R78: =RATE(12,,-E78,Q78) -> 0.13883309 | S78: PNA-FISH | T78: =1-SUM(T76:T77) -> 0.37 | U78: =1-SUM(U76:U77) -> 0.36963493 | V78: =1-SUM(V76:V77) -> 0.36926535 | W78: =1-SUM(W76:W77) -> 0.36889127 | X78: =1-SUM(X76:X77) -> 0.36851266 | Y78: =1-SUM(Y76:Y77) -> 0.36812952 | Z78: =1-SUM(Z76:Z77) -> 0.36774184 | AA78: =1-SUM(AA76:AA77) -> 0.3673496 | ... AG78: =1-SUM(AG76:AG77) -> 0.3649
B79: Proteomic Technologies | D79: =D64*T79 -> 101.1395 | E79: =E64*U79 -> 113.17435 | F79: =F64*V79 -> 126.81053 | G79: =G64*W79 -> 142.28168 | H79: =H64*X79 -> 159.85833 | I79: =I64*Y79 -> 179.85415 | J79: =J64*Z79 -> 202.63335 | K79: =K64*AA79 -> 228.61941 | ... Q79: =Q64*AG79 -> 486.1121 | R79: =RATE(12,,-E79,Q79) -> 0.12914323 | S79: Proteomic Technologies | T79: =1-SUM(T74+T75) -> 0.37 | U79: =1-SUM(U74+U75) -> 0.36753418 | V79: =1-SUM(V74+V75) -> 0.36505649 | W79: =1-SUM(W74+W75) -> 0.36256687 | X79: =1-SUM(X74+X75) -> 0.36006526 | Y79: =1-SUM(Y74+Y75) -> 0.3575516 | Z79: =1-SUM(Z74+Z75) -> 0.3550258 | AA79: =1-SUM(AA74+AA75) -> 0.35248781 | ... AG79: =1-SUM(AG74+AG75) -> 0.337
A81: Application | B81: Bacteremia | D81: =D64*T81 -> 109.61335 | E81: =E64*U81 -> 123.9878 | F81: =F64*V81 -> 140.44563 | G81: =G64*W81 -> 159.31555 | H81: =H64*X81 -> 180.98211 | I81: =I64*Y81 -> 205.89588 | J81: =J64*Z81 -> 234.58554 | K81: =K64*AA81 -> 267.67235 | ... Q81: =Q64*AG81 -> 610.16444 | R81: =RATE(12,,-E81,Q81) -> 0.14201637 | S81: Bacteremia | T81: 0.401 | U81: 0.40265091 | V81: 0.40430861 | W81: 0.40597313 | X81: 0.40764451 | Y81: 0.40932277 | Z81: 0.41100794 | AA81: 0.41270005 | AB81: 0.41439913 | AC81: 0.4161052 | AD81: 0.41781829 | AE81: 0.41953843 | AF81: 0.42126566 | AG81: 0.423
B82: Fungemia | D82: =D64*T82 -> 117.81385 | E82: =E64*U82 -> 132.97484 | F82: =F64*V82 -> 150.2991 | G82: =G64*W82 -> 170.12335 | H82: =H64*X82 -> 192.84084 | I82: =I64*Y82 -> 218.91153 | J82: =J64*Z82 -> 248.87417 | K82: =K64*AA82 -> 283.36077 | ... Q82: =Q64*AG82 -> 637.57136 | R82: =RATE(12,,-E82,Q82) -> 0.13954097 | S82: Fungemia | T82: 0.431 | U82: 0.43183635 | V82: 0.43267432 | W82: 0.43351391 | X82: 0.43435514 | Y82: 0.43519799 | Z82: 0.43604249 | AA82: 0.43688862 | AB82: 0.43773639 | AC82: 0.43858581 | AD82: 0.43943688 | AE82: 0.4402896 | AF82: 0.44114397 | AG82: 0.442
B83: Mycobacterial Infection | D83: =D64*T83 -> 45.9228 | E83: =E64*U83 -> 50.966138 | F83: =F64*V83 -> 56.627626 | G83: =G64*W83 -> 62.989906 | H83: =H64*X83 -> 70.147483 | I83: =I64*Y83 -> 78.208531 | J83: =J64*Z83 -> 87.296991 | K83: =K64*AA83 -> 97.555001 | ... Q83: =Q64*AG83 -> 194.73333 | R83: =RATE(12,,-E83,Q83) -> 0.11818385 | S83: Mycobacterial Infection | T83: =1-SUM(T81:T82) -> 0.168 | U83: =1-SUM(U81:U82) -> 0.16551275 | V83: =1-SUM(V81:V82) -> 0.16301708 | W83: =1-SUM(W81:W82) -> 0.16051295 | X83: =1-SUM(X81:X82) -> 0.15800035 | Y83: =1-SUM(Y81:Y82) -> 0.15547923 | Z83: =1-SUM(Z81:Z82) -> 0.15294957 | AA83: =1-SUM(AA81:AA82) -> 0.15041133 | ... AG83: =1-SUM(AG81:AG82) -> 0.135
A87: France Blood Culture Test Market
D89: 2023 | E89: 2024 | F89: 2025 | G89: 2026 | H89: 2027 | I89: 2028 | J89: 2029 | K89: 2030 | L89: 2031 | M89: 2032 | N89: 2033 | O89: 2034 | P89: 2035 | Q89: 2036 | R89: CAGR (2024-2036)
D90: ='Market Analysis'!C22 -> 218.68 | E90: ='Market Analysis'!D22 -> 240.11064 | F90: ='Market Analysis'!E22 -> 263.72006 | G90: ='Market Analysis'!F22 -> 289.73752 | H90: ='Market Analysis'!G22 -> 318.4172 | I90: ='Market Analysis'!H22 -> 350.041 | J90: ='Market Analysis'!I22 -> 384.92162 | K90: ='Market Analysis'!J22 -> 423.40608 | ... Q90: ='Market Analysis'!P22 -> 754.82731 | R90: =RATE(12,,-E90,Q90) -> 0.10015282 | T90: 2023 | U90: 2024 | V90: 2025 | W90: 2026 | X90: 2027 | Y90: 2028 | Z90: 2029 | AA90: 2030 | AB90: 2031 | AC90: 2032 | AD90: 2033 | AE90: 2034 | AF90: 2035 | AG90: 2036
A91: Test Type | B91: Phenotypic AST | D91: =D90*T91 -> 122.4608 | E91: =E90*U91 -> 134.68325 | F91: =F90*V91 -> 148.16973 | G91: =G90*W91 -> 163.05541 | H91: =H90*X91 -> 179.49037 | I91: =I90*Y91 -> 197.64129 | J91: =J90*Z91 -> 217.69338 | K91: =K90*AA91 -> 239.85245 | ... Q91: =Q90*AG91 -> 431.8367 | R91: =RATE(12,,-E91,Q91) -> 0.10196338 | S91: Phenotypic AST | T91: 0.56 | U91: 0.56092161 | V91: 0.56184474 | W91: 0.56276939 | X91: 0.56369557 | Y91: 0.56462326 | Z91: 0.56555248 | AA91: 0.56648323 | AB91: 0.56741552 | AC91: 0.56834934 | AD91: 0.56928469 | AE91: 0.57022158 | AF91: 0.57116002 | AG91: 0.5721
B92: Genotypic AST | D92: =D90*T92 -> 96.2192 | E92: =E90*U92 -> 105.42739 | F92: =F90*V92 -> 115.55033 | G92: =G90*W92 -> 126.68211 | H92: =H90*X92 -> 138.92684 | I92: =I90*Y92 -> 152.39971 | J92: =J90*Z92 -> 167.22824 | K92: =K90*AA92 -> 183.55363 | ... Q92: =Q90*AG92 -> 322.99061 | R92: =RATE(12,,-E92,Q92) -> 0.097791092 | S92: Genotypic AST | T92: =1-T91 -> 0.44 | U92: =1-U91 -> 0.43907839 | V92: =1-V91 -> 0.43815526 | W92: =1-W91 -> 0.43723061 | X92: =1-X91 -> 0.43630443 | Y92: =1-Y91 -> 0.43537674 | Z92: =1-Z91 -> 0.43444752 | AA92: =1-AA91 -> 0.43351677 | ... AG92: =1-AG91 -> 0.4279
A94: Product | B94: Instruments | D94: =D90*T94 -> 102.99828 | E94: =E90*U94 -> 112.94435 | F94: =F90*V94 -> 123.88757 | G94: =G90*W94 -> 135.93147 | H94: =H90*X94 -> 149.19071 | I94: =I90*Y94 -> 163.79226 | J94: =J90*Z94 -> 179.87683 | K94: =K90*AA94 -> 197.60036 | ... Q94: =Q90*AG94 -> 349.48504 | R94: =RATE(12,,-E94,Q94) -> 0.098703075 | S94: Instruments | T94: 0.471 | U94: 0.47038462 | V94: 0.46976923 | W94: 0.46915385 | X94: 0.46853846 | Y94: 0.46792308 | Z94: 0.46730769 | AA94: 0.46669231 | AB94: 0.46607692 | AC94: 0.46546154 | AD94: 0.46484615 | AE94: 0.46423077 | AF94: 0.46361538 | AG94: 0.463
B95: Consumables | D95: =D90*T95 -> 115.68172 | E95: =E90*U95 -> 127.16629 | F95: =F90*V95 -> 139.83249 | G95: =G90*W95 -> 153.80605 | H95: =H90*X95 -> 169.2265 | I95: =I90*Y95 -> 186.24874 | J95: =J90*Z95 -> 205.04479 | K95: =K90*AA95 -> 225.80572 | ... Q95: =Q90*AG95 -> 405.34227 | R95: =RATE(12,,-E95,Q95) -> 0.10142304 | S95: Consumables | T95: =1-T94 -> 0.529 | U95: =1-U94 -> 0.52961538 | V95: =1-V94 -> 0.53023077 | W95: =1-W94 -> 0.53084615 | X95: =1-X94 -> 0.53146154 | Y95: =1-Y94 -> 0.53207692 | Z95: =1-Z94 -> 0.53269231 | AA95: =1-AA94 -> 0.53330769 | ... AG95: =1-AG94 -> 0.537
A97: Method | B97: Conventional | D97: =D90*T97 -> 87.69068 | E97: =E90*U97 -> 96.680767 | F97: =F90*V97 -> 106.62429 | G97: =G90*W97 -> 117.62565 | H97: =H90*X97 -> 129.80103 | I97: =I90*Y97 -> 143.27975 | J97: =J90*Z97 -> 158.20584 | K97: =K90*AA97 -> 174.73971 | ... Q97: =Q90*AG97 -> 319.29195 | R97: =RATE(12,,-E97,Q97) -> 0.10468212 | S97: Conventional | T97: 0.401 | U97: 0.40265091 | V97: 0.40430861 | W97: 0.40597313 | X97: 0.40764451 | Y97: 0.40932277 | Z97: 0.41100794 | AA97: 0.41270005 | AB97: 0.41439913 | AC97: 0.4161052 | AD97: 0.41781829 | AE97: 0.41953843 | AF97: 0.42126566 | AG97: 0.423
B98: Automated | D98: =D90*T98 -> 130.98932 | E98: =E90*U98 -> 143.42987 | F98: =F90*V98 -> 157.09577 | G98: =G90*W98 -> 172.11187 | H98: =H90*X98 -> 188.61618 | I98: =I90*Y98 -> 206.76125 | J98: =J90*Z98 -> 226.71578 | K98: =K90*AA98 -> 248.66637 | ... Q98: =Q90*AG98 -> 435.53536 | R98: =RATE(12,,-E98,Q98) -> 0.09697985 | S98: Automated | T98: =1-T97 -> 0.599 | U98: =1-U97 -> 0.59734909 | V98: =1-V97 -> 0.59569139 | W98: =1-W97 -> 0.59402687 | X98: =1-X97 -> 0.59235549 | Y98: =1-Y97 -> 0.59067723 | Z98: =1-Z97 -> 0.58899206 | AA98: =1-AA97 -> 0.58729995 | ... AG98: =1-AG97 -> 0.577
A100: Technology | B100: Culture-Based | D100: =D90*T100 -> 54.67 | E100: =E90*U100 -> 60.401257 | F100: =F90*V100 -> 66.753232 | G100: =G90*W100 -> 73.795254 | H100: =H90*X100 -> 81.604625 | I100: =I90*Y100 -> 90.267564 | J100: =J90*Z100 -> 99.880262 | K100: =K90*AA100 -> 110.55007 | ... Q100: =Q90*AG100 -> 204.5582 | R100: =RATE(12,,-E100,Q100) -> 0.10699989 | S100: Culture-Based | T100: 0.25 | U100: 0.25155594 | V100: 0.25312155 | W100: 0.25469692 | X100: 0.25628209 | Y100: 0.25787712 | Z100: 0.25948208 | AA100: 0.26109703 | AB100: 0.26272203 | AC100: 0.26435714 | AD100: 0.26600243 | AE100: 0.26765796 | AF100: 0.2693238 | AG100: 0.271
B101: Molecular Technology | D101: =D90*T101 -> 83.0984 | E101: =E90*U101 -> 91.460517 | F101: =F90*V101 -> 100.69411 | G101: =G90*W101 -> 110.89304 | H101: =H90*X101 -> 122.1616 | I101: =I90*Y101 -> 134.61572 | J101: =J90*Z101 -> 148.38425 | K101: =K90*AA101 -> 163.61053 | ... Q101: =Q90*AG101 -> 295.89231 | R101: =RATE(12,,-E101,Q101) -> 0.10278708 | S101: Molecular Technology | T101: 0.38 | U101: 0.38090989 | V101: 0.38182196 | W101: 0.38273621 | X101: 0.38365265 | Y101: 0.38457129 | Z101: 0.38549212 | AA101: 0.38641516 | AB101: 0.38734041 | AC101: 0.38826788 | AD101: 0.38919756 | AE101: 0.39012948 | AF101: 0.39106362 | AG101: 0.392
B102: PCR | D102: =D101*T102 -> 29.08444 | E102: =E101*U102 -> 31.955014 | F102: =F101*V102 -> 35.119371 | G102: =G101*W102 -> 38.608619 | H102: =H101*X102 -> 42.457265 | I102: =I101*Y102 -> 46.7036 | J102: =J101*Z102 -> 51.39013 | K102: =K101*AA102 -> 56.564045 | ... Q102: =Q101*AG102 -> 101.22476 | R102: =RATE(12,,-E102,Q102) -> 0.10085211 | S102: PCR | T102: 0.35 | U102: 0.34938588 | V102: 0.34877285 | W102: 0.34816088 | X102: 0.34754999 | Y102: 0.34694018 | Z102: 0.34633143 | AA102: 0.34572375 | AB102: 0.34511714 | AC102: 0.34451159 | AD102: 0.3439071 | AE102: 0.34330368 | AF102: 0.34270131 | AG102: 0.3421
B103: Microarray | D103: =D101*T103 -> 23.267552 | E103: =E101*U103 -> 25.698502 | F103: =F101*V103 -> 28.391892 | G103: =G101*W103 -> 31.376947 | H103: =H101*X103 -> 34.686242 | I103: =I101*Y103 -> 38.356097 | J103: =J101*Z103 -> 42.427024 | K103: =K101*AA103 -> 46.944221 | ... Q103: =Q101*AG103 -> 86.696446 | R103: =RATE(12,,-E103,Q103) -> 0.10664363 | S103: Microarray | T103: 0.28 | U103: 0.28097919 | V103: 0.2819618 | W103: 0.28294785 | X103: 0.28393735 | Y103: 0.2849303 | Z103: 0.28592673 | AA103: 0.28692665 | AB103: 0.28793006 | AC103: 0.28893698 | AD103: 0.28994742 | AE103: 0.2909614 | AF103: 0.29197892 | AG103: 0.293
B104: PNA-FISH | D104: =D101*T104 -> 30.746408 | E104: =E101*U104 -> 33.807002 | F104: =F101*V104 -> 37.182846 | G104: =G101*W104 -> 40.907474 | H104: =H101*X104 -> 45.018098 | I104: =I101*Y104 -> 49.556019 | J104: =J101*Z104 -> 54.567097 | K104: =K101*AA104 -> 60.102263 | ... Q104: =Q101*AG104 -> 107.9711 | R104: =RATE(12,,-E104,Q104) -> 0.10160291 | S104: PNA-FISH | T104: =1-SUM(T102:T103) -> 0.37 | U104: =1-SUM(U102:U103) -> 0.36963493 | V104: =1-SUM(V102:V103) -> 0.36926535 | W104: =1-SUM(W102:W103) -> 0.36889127 | X104: =1-SUM(X102:X103) -> 0.36851266 | Y104: =1-SUM(Y102:Y103) -> 0.36812952 | Z104: =1-SUM(Z102:Z103) -> 0.36774184 | AA104: =1-SUM(AA102:AA103) -> 0.3673496 | ... AG104: =1-SUM(AG102:AG103) -> 0.3649
B105: Proteomic Technologies | D105: =D90*T105 -> 80.9116 | E105: =E90*U105 -> 88.248866 | F105: =F90*V105 -> 96.272719 | G105: =G90*W105 -> 105.04923 | H105: =H90*X105 -> 114.65097 | I105: =I90*Y105 -> 125.15772 | J105: =J90*Z105 -> 136.65711 | K105: =K90*AA105 -> 149.24548 | ... Q105: =Q90*AG105 -> 254.3768 | R105: =RATE(12,,-E105,Q105) -> 0.092229824 | S105: Proteomic Technologies | T105: =1-SUM(T100+T101) -> 0.37 | U105: =1-SUM(U100+U101) -> 0.36753418 | V105: =1-SUM(V100+V101) -> 0.36505649 | W105: =1-SUM(W100+W101) -> 0.36256687 | X105: =1-SUM(X100+X101) -> 0.36006526 | Y105: =1-SUM(Y100+Y101) -> 0.3575516 | Z105: =1-SUM(Z100+Z101) -> 0.3550258 | AA105: =1-SUM(AA100+AA101) -> 0.35248781 | ... AG105: =1-SUM(AG100+AG101) -> 0.337
A107: Application | B107: Bacteremia | D107: =D90*T107 -> 87.69068 | E107: =E90*U107 -> 96.680767 | F107: =F90*V107 -> 106.62429 | G107: =G90*W107 -> 117.62565 | H107: =H90*X107 -> 129.80103 | I107: =I90*Y107 -> 143.27975 | J107: =J90*Z107 -> 158.20584 | K107: =K90*AA107 -> 174.73971 | ... Q107: =Q90*AG107 -> 319.29195 | R107: =RATE(12,,-E107,Q107) -> 0.10468212 | S107: Bacteremia | T107: 0.401 | U107: 0.40265091 | V107: 0.40430861 | W107: 0.40597313 | X107: 0.40764451 | Y107: 0.40932277 | Z107: 0.41100794 | AA107: 0.41270005 | AB107: 0.41439913 | AC107: 0.4161052 | AD107: 0.41781829 | AE107: 0.41953843 | AF107: 0.42126566 | AG107: 0.423
B108: Fungemia | D108: =D90*T108 -> 94.25108 | E108: =E90*U108 -> 103.6885 | F108: =F90*V108 -> 114.1049 | G108: =G90*W108 -> 125.60525 | H108: =H90*X108 -> 138.30615 | I108: =I90*Y108 -> 152.33714 | J108: =J90*Z108 -> 167.84218 | K108: =K90*AA108 -> 184.9813 | ... Q108: =Q90*AG108 -> 333.63367 | R108: =RATE(12,,-E108,Q108) -> 0.10228764 | S108: Fungemia | T108: 0.431 | U108: 0.43183635 | V108: 0.43267432 | W108: 0.43351391 | X108: 0.43435514 | Y108: 0.43519799 | Z108: 0.43604249 | AA108: 0.43688862 | AB108: 0.43773639 | AC108: 0.43858581 | AD108: 0.43943688 | AE108: 0.4402896 | AF108: 0.44114397 | AG108: 0.442
B109: Mycobacterial Infection | D109: =D90*T109 -> 36.73824 | E109: =E90*U109 -> 39.741372 | F109: =F90*V109 -> 42.990873 | G109: =G90*W109 -> 46.506625 | H109: =H90*X109 -> 50.31003 | I109: =I90*Y109 -> 54.424105 | J109: =J90*Z109 -> 58.873595 | K109: =K90*AA109 -> 63.685071 | ... Q109: =Q90*AG109 -> 101.90169 | R109: =RATE(12,,-E109,Q109) -> 0.081628719 | S109: Mycobacterial Infection | T109: =1-SUM(T107:T108) -> 0.168 | U109: =1-SUM(U107:U108) -> 0.16551275 | V109: =1-SUM(V107:V108) -> 0.16301708 | W109: =1-SUM(W107:W108) -> 0.16051295 | X109: =1-SUM(X107:X108) -> 0.15800035 | Y109: =1-SUM(Y107:Y108) -> 0.15547923 | Z109: =1-SUM(Z107:Z108) -> 0.15294957 | AA109: =1-SUM(AA107:AA108) -> 0.15041133 | ... AG109: =1-SUM(AG107:AG108) -> 0.135
A113: Italy Blood Culture Test Market
D115: 2023 | E115: 2024 | F115: 2025 | G115: 2026 | H115: 2027 | I115: 2028 | J115: 2029 | K115: 2030 | L115: 2031 | M115: 2032 | N115: 2033 | O115: 2034 | P115: 2035 | Q115: 2036 | R115: CAGR (2024-2036)
D116: ='Market Analysis'!C24 -> 136.675 | E116: ='Market Analysis'!D24 -> 151.29923 | F116: ='Market Analysis'!E24 -> 167.77401 | G116: ='Market Analysis'!F24 -> 186.36518 | H116: ='Market Analysis'!G24 -> 207.38099 | I116: ='Market Analysis'!H24 -> 231.17948 | J116: ='Market Analysis'!I24 -> 258.17732 | K116: ='Market Analysis'!J24 -> 288.86025 | ... Q116: ='Market Analysis'!P24 -> 589.98958 | R116: =RATE(12,,-E116,Q116) -> 0.12008411 | T116: 2023 | U116: 2024 | V116: 2025 | W116: 2026 | X116: 2027 | Y116: 2028 | Z116: 2029 | AA116: 2030 | AB116: 2031 | AC116: 2032 | AD116: 2033 | AE116: 2034 | AF116: 2035 | AG116: 2036
A117: Test Type | B117: Phenotypic AST | D117: =D116*T117 -> 76.538 | E117: =E116*U117 -> 84.867005 | F117: =F116*V117 -> 94.262944 | G117: =G116*W117 -> 104.88062 | H117: =H116*X117 -> 116.89974 | I117: =I116*Y117 -> 130.52931 | J117: =J116*Z117 -> 146.01282 | K117: =K116*AA117 -> 163.63449 | ... Q117: =Q116*AG117 -> 337.53304 | R117: =RATE(12,,-E117,Q117) -> 0.12192748 | S117: Phenotypic AST | T117: 0.56 | U117: 0.56092161 | V117: 0.56184474 | W117: 0.56276939 | X117: 0.56369557 | Y117: 0.56462326 | Z117: 0.56555248 | AA117: 0.56648323 | AB117: 0.56741552 | AC117: 0.56834934 | AD117: 0.56928469 | AE117: 0.57022158 | AF117: 0.57116002 | AG117: 0.5721
B118: Genotypic AST | D118: =D116*T118 -> 60.137 | E118: =E116*U118 -> 66.43222 | F118: =F116*V118 -> 73.511063 | G118: =G116*W118 -> 81.484561 | H118: =H116*X118 -> 90.481245 | I118: =I116*Y118 -> 100.65017 | J118: =J116*Z118 -> 112.16449 | K118: =K116*AA118 -> 125.22576 | ... Q118: =Q116*AG118 -> 252.45654 | R118: =RATE(12,,-E118,Q118) -> 0.1176796 | S118: Genotypic AST | T118: =1-T117 -> 0.44 | U118: =1-U117 -> 0.43907839 | V118: =1-V117 -> 0.43815526 | W118: =1-W117 -> 0.43723061 | X118: =1-X117 -> 0.43630443 | Y118: =1-Y117 -> 0.43537674 | Z118: =1-Z117 -> 0.43444752 | AA118: =1-AA117 -> 0.43351677 | ... AG118: =1-AG117 -> 0.4279
A120: Product | B120: Instruments | D120: =D116*T120 -> 64.373925 | E120: =E116*U120 -> 71.168828 | F120: =F116*V120 -> 78.815066 | G120: =G116*W120 -> 87.433941 | H120: =H116*X120 -> 97.165969 | I120: =I116*Y120 -> 108.17421 | J120: =J116*Z120 -> 120.64825 | K120: =K116*AA120 -> 134.80886 | ... Q120: =Q116*AG120 -> 273.16518 | R120: =RATE(12,,-E120,Q120) -> 0.1186081 | S120: Instruments | T120: 0.471 | U120: 0.47038462 | V120: 0.46976923 | W120: 0.46915385 | X120: 0.46853846 | Y120: 0.46792308 | Z120: 0.46730769 | AA120: 0.46669231 | AB120: 0.46607692 | AC120: 0.46546154 | AD120: 0.46484615 | AE120: 0.46423077 | AF120: 0.46361538 | AG120: 0.463
B121: Consumables | D121: =D116*T121 -> 72.301075 | E121: =E116*U121 -> 80.130397 | F121: =F116*V121 -> 88.95894 | G121: =G116*W121 -> 98.931239 | H121: =H116*X121 -> 110.21502 | I121: =I116*Y121 -> 123.00527 | J121: =J116*Z121 -> 137.52907 | K121: =K116*AA121 -> 154.0514 | ... Q121: =Q116*AG121 -> 316.82441 | R121: =RATE(12,,-E121,Q121) -> 0.12137734 | S121: Consumables | T121: =1-T120 -> 0.529 | U121: =1-U120 -> 0.52961538 | V121: =1-V120 -> 0.53023077 | W121: =1-W120 -> 0.53084615 | X121: =1-X120 -> 0.53146154 | Y121: =1-Y120 -> 0.53207692 | Z121: =1-Z120 -> 0.53269231 | AA121: =1-AA120 -> 0.53330769 | ... AG121: =1-AG120 -> 0.537
A123: Method | B123: Conventional | D123: =D116*T123 -> 54.806675 | E123: =E116*U123 -> 60.92077 | F123: =F116*V123 -> 67.832475 | G123: =G116*W123 -> 75.659256 | H123: =H116*X123 -> 84.537722 | I123: =I116*Y123 -> 94.627026 | J123: =J116*Z123 -> 106.11293 | K123: =K116*AA123 -> 119.21264 | ... Q123: =Q116*AG123 -> 249.56559 | R123: =RATE(12,,-E123,Q123) -> 0.12469547 | S123: Conventional | T123: 0.401 | U123: 0.40265091 | V123: 0.40430861 | W123: 0.40597313 | X123: 0.40764451 | Y123: 0.40932277 | Z123: 0.41100794 | AA123: 0.41270005 | AB123: 0.41439913 | AC123: 0.4161052 | AD123: 0.41781829 | AE123: 0.41953843 | AF123: 0.42126566 | AG123: 0.423
B124: Automated | D124: =D116*T124 -> 81.868325 | E124: =E116*U124 -> 90.378455 | F124: =F116*V124 -> 99.941532 | G124: =G116*W124 -> 110.70592 | H124: =H116*X124 -> 122.84327 | I124: =I116*Y124 -> 136.55245 | J124: =J116*Z124 -> 152.06439 | K124: =K116*AA124 -> 169.64761 | ... Q124: =Q116*AG124 -> 340.42399 | R124: =RATE(12,,-E124,Q124) -> 0.11685366 | S124: Automated | T124: =1-T123 -> 0.599 | U124: =1-U123 -> 0.59734909 | V124: =1-V123 -> 0.59569139 | W124: =1-W123 -> 0.59402687 | X124: =1-X123 -> 0.59235549 | Y124: =1-Y123 -> 0.59067723 | Z124: =1-Z123 -> 0.58899206 | AA124: =1-AA123 -> 0.58729995 | ... AG124: =1-AG123 -> 0.577
A126: Technology | B126: Culture-Based | D126: =D116*T126 -> 34.16875 | E126: =E116*U126 -> 38.060218 | F126: =F116*V126 -> 42.467217 | G126: =G116*W126 -> 47.466637 | H126: =H116*X126 -> 53.148032 | I126: =I116*Y126 -> 59.615898 | J126: =J116*Z126 -> 66.992387 | K126: =K116*AA126 -> 75.420554 | ... Q126: =Q116*AG126 -> 159.88718 | R126: =RATE(12,,-E126,Q126) -> 0.12705523 | S126: Culture-Based | T126: 0.25 | U126: 0.25155594 | V126: 0.25312155 | W126: 0.25469692 | X126: 0.25628209 | Y126: 0.25787712 | Z126: 0.25948208 | AA126: 0.26109703 | AB126: 0.26272203 | AC126: 0.26435714 | AD126: 0.26600243 | AE126: 0.26765796 | AF126: 0.2693238 | AG126: 0.271
B127: Molecular Technology | D127: =D116*T127 -> 51.9365 | E127: =E116*U127 -> 57.631371 | F127: =F116*V127 -> 64.0598 | G127: =G116*W127 -> 71.328703 | H127: =H116*X127 -> 79.562266 | I127: =I116*Y127 -> 88.90499 | J127: =J116*Z127 -> 99.525321 | K127: =K116*AA127 -> 111.61998 | ... Q127: =Q116*AG127 -> 231.27592 | R127: =RATE(12,,-E127,Q127) -> 0.12276609 | S127: Molecular Technology | T127: 0.38 | U127: 0.38090989 | V127: 0.38182196 | W127: 0.38273621 | X127: 0.38365265 | Y127: 0.38457129 | Z127: 0.38549212 | AA127: 0.38641516 | AB127: 0.38734041 | AC127: 0.38826788 | AD127: 0.38919756 | AE127: 0.39012948 | AF127: 0.39106362 | AG127: 0.392
B128: PCR | D128: =D127*T128 -> 18.177775 | E128: =E127*U128 -> 20.135588 | F128: =F127*V128 -> 22.342319 | G128: =G127*W128 -> 24.833864 | H128: =H127*X128 -> 27.651865 | I128: =I127*Y128 -> 30.844713 | J128: =J127*Z128 -> 34.468747 | K128: =K127*AA128 -> 38.589678 | ... Q128: =Q127*AG128 -> 79.119491 | R128: =RATE(12,,-E128,Q128) -> 0.12079607 | S128: PCR | T128: 0.35 | U128: 0.34938588 | V128: 0.34877285 | W128: 0.34816088 | X128: 0.34754999 | Y128: 0.34694018 | Z128: 0.34633143 | AA128: 0.34572375 | AB128: 0.34511714 | AC128: 0.34451159 | AD128: 0.3439071 | AE128: 0.34330368 | AF128: 0.34270131 | AG128: 0.3421
B129: Microarray | D129: =D127*T129 -> 14.54222 | E129: =E127*U129 -> 16.193216 | F129: =F127*V129 -> 18.062416 | G129: =G127*W129 -> 20.182303 | H129: =H127*X129 -> 22.590699 | I129: =I127*Y129 -> 25.331726 | J129: =J127*Z129 -> 28.45695 | K129: =K127*AA129 -> 32.026747 | ... Q129: =Q127*AG129 -> 67.763844 | R129: =RATE(12,,-E129,Q129) -> 0.12669252 | S129: Microarray | T129: 0.28 | U129: 0.28097919 | V129: 0.2819618 | W129: 0.28294785 | X129: 0.28393735 | Y129: 0.2849303 | Z129: 0.28592673 | AA129: 0.28692665 | AB129: 0.28793006 | AC129: 0.28893698 | AD129: 0.28994742 | AE129: 0.2909614 | AF129: 0.29197892 | AG129: 0.293
B130: PNA-FISH | D130: =D127*T130 -> 19.216505 | E130: =E127*U130 -> 21.302568 | F130: =F127*V130 -> 23.655065 | G130: =G127*W130 -> 26.312536 | H130: =H127*X130 -> 29.319702 | I130: =I127*Y130 -> 32.728551 | J130: =J127*Z130 -> 36.599624 | K130: =K127*AA130 -> 41.003556 | ... Q130: =Q127*AG130 -> 84.392582 | R130: =RATE(12,,-E130,Q130) -> 0.12156047 | S130: PNA-FISH | T130: =1-SUM(T128:T129) -> 0.37 | U130: =1-SUM(U128:U129) -> 0.36963493 | V130: =1-SUM(V128:V129) -> 0.36926535 | W130: =1-SUM(W128:W129) -> 0.36889127 | X130: =1-SUM(X128:X129) -> 0.36851266 | Y130: =1-SUM(Y128:Y129) -> 0.36812952 | Z130: =1-SUM(Z128:Z129) -> 0.36774184 | AA130: =1-SUM(AA128:AA129) -> 0.3673496 | ... AG130: =1-SUM(AG128:AG129) -> 0.3649
B131: Proteomic Technologies | D131: =D116*T131 -> 50.56975 | E131: =E116*U131 -> 55.607636 | F131: =F116*V131 -> 61.24699 | G131: =G116*W131 -> 67.569841 | H131: =H116*X131 -> 74.67069 | I131: =I116*Y131 -> 82.658592 | J131: =J116*Z131 -> 91.659608 | K131: =K116*AA131 -> 101.81972 | ... Q131: =Q116*AG131 -> 198.82649 | R131: =RATE(12,,-E131,Q131) -> 0.11201757 | S131: Proteomic Technologies | T131: =1-SUM(T126+T127) -> 0.37 | U131: =1-SUM(U126+U127) -> 0.36753418 | V131: =1-SUM(V126+V127) -> 0.36505649 | W131: =1-SUM(W126+W127) -> 0.36256687 | X131: =1-SUM(X126+X127) -> 0.36006526 | Y131: =1-SUM(Y126+Y127) -> 0.3575516 | Z131: =1-SUM(Z126+Z127) -> 0.3550258 | AA131: =1-SUM(AA126+AA127) -> 0.35248781 | ... AG131: =1-SUM(AG126+AG127) -> 0.337
A133: Application | B133: Bacteremia | D133: =D116*T133 -> 54.806675 | E133: =E116*U133 -> 60.92077 | F133: =F116*V133 -> 67.832475 | G133: =G116*W133 -> 75.659256 | H133: =H116*X133 -> 84.537722 | I133: =I116*Y133 -> 94.627026 | J133: =J116*Z133 -> 106.11293 | K133: =K116*AA133 -> 119.21264 | ... Q133: =Q116*AG133 -> 249.56559 | R133: =RATE(12,,-E133,Q133) -> 0.12469547 | S133: Bacteremia | T133: 0.401 | U133: 0.40265091 | V133: 0.40430861 | W133: 0.40597313 | X133: 0.40764451 | Y133: 0.40932277 | Z133: 0.41100794 | AA133: 0.41270005 | AB133: 0.41439913 | AC133: 0.4161052 | AD133: 0.41781829 | AE133: 0.41953843 | AF133: 0.42126566 | AG133: 0.423
B134: Fungemia | D134: =D116*T134 -> 58.906925 | E134: =E116*U134 -> 65.336505 | F134: =F116*V134 -> 72.591504 | G134: =G116*W134 -> 80.791898 | H134: =H116*X134 -> 90.076998 | I134: =I116*Y134 -> 100.60885 | J134: =J116*Z134 -> 112.57628 | K134: =K116*AA134 -> 126.19976 | ... Q134: =Q116*AG134 -> 260.7754 | R134: =RATE(12,,-E134,Q134) -> 0.12225761 | S134: Fungemia | T134: 0.431 | U134: 0.43183635 | V134: 0.43267432 | W134: 0.43351391 | X134: 0.43435514 | Y134: 0.43519799 | Z134: 0.43604249 | AA134: 0.43688862 | AB134: 0.43773639 | AC134: 0.43858581 | AD134: 0.43943688 | AE134: 0.4402896 | AF134: 0.44114397 | AG134: 0.442
B135: Mycobacterial Infection | D135: =D116*T135 -> 22.9614 | E135: =E116*U135 -> 25.04195 | F135: =F116*V135 -> 27.350028 | G135: =G116*W135 -> 29.914026 | H135: =H116*X135 -> 32.766269 | I135: =I116*Y135 -> 35.943608 | J135: =J116*Z135 -> 39.488109 | K135: =K116*AA135 -> 43.447855 | ... Q135: =Q116*AG135 -> 79.648594 | R135: =RATE(12,,-E135,Q135) -> 0.10122441 | S135: Mycobacterial Infection | T135: =1-SUM(T133:T134) -> 0.168 | U135: =1-SUM(U133:U134) -> 0.16551275 | V135: =1-SUM(V133:V134) -> 0.16301708 | W135: =1-SUM(W133:W134) -> 0.16051295 | X135: =1-SUM(X133:X134) -> 0.15800035 | Y135: =1-SUM(Y133:Y134) -> 0.15547923 | Z135: =1-SUM(Z133:Z134) -> 0.15294957 | AA135: =1-SUM(AA133:AA134) -> 0.15041133 | ... AG135: =1-SUM(AG133:AG134) -> 0.135
A139: NORDIC Blood Culture Test Market
D141: 2023 | E141: 2024 | F141: 2025 | G141: 2026 | H141: 2027 | I141: 2028 | J141: 2029 | K141: 2030 | L141: 2031 | M141: 2032 | N141: 2033 | O141: 2034 | P141: 2035 | Q141: 2036 | R141: CAGR (2024-2036)
D142: ='Market Analysis'!C28 -> 57.4035 | E142: ='Market Analysis'!D28 -> 60.618096 | F142: ='Market Analysis'!E28 -> 64.041625 | G142: ='Market Analysis'!F28 -> 67.689312 | H142: ='Market Analysis'!G28 -> 71.577606 | I142: ='Market Analysis'!H28 -> 75.724278 | J142: ='Market Analysis'!I28 -> 80.148546 | K142: ='Market Analysis'!J28 -> 84.871193 | ... Q142: ='Market Analysis'!P28 -> 120.87274 | R142: =RATE(12,,-E142,Q142) -> 0.059198053 | T142: 2023 | U142: 2024 | V142: 2025 | W142: 2026 | X142: 2027 | Y142: 2028 | Z142: 2029 | AA142: 2030 | AB142: 2031 | AC142: 2032 | AD142: 2033 | AE142: 2034 | AF142: 2035 | AG142: 2036
A143: Test Type | B143: Phenotypic AST | D143: =D142*T143 -> 32.14596 | E143: =E142*U143 -> 34.002 | F143: =F142*V143 -> 35.98145 | G143: =G142*W143 -> 38.093473 | H143: =H142*X143 -> 40.347979 | I143: =I142*Y143 -> 42.755689 | J143: =J142*Z143 -> 45.328209 | K143: =K142*AA143 -> 48.078108 | ... Q143: =Q142*AG143 -> 69.151296 | R143: =RATE(12,,-E143,Q143) -> 0.060941216 | S143: Phenotypic AST | T143: 0.56 | U143: 0.56092161 | V143: 0.56184474 | W143: 0.56276939 | X143: 0.56369557 | Y143: 0.56462326 | Z143: 0.56555248 | AA143: 0.56648323 | AB143: 0.56741552 | AC143: 0.56834934 | AD143: 0.56928469 | AE143: 0.57022158 | AF143: 0.57116002 | AG143: 0.5721
B144: Genotypic AST | D144: =D142*T144 -> 25.25754 | E144: =E142*U144 -> 26.616096 | F144: =F142*V144 -> 28.060174 | G144: =G142*W144 -> 29.595839 | H144: =H142*X144 -> 31.229627 | I144: =I142*Y144 -> 32.968589 | J144: =J142*Z144 -> 34.820337 | K144: =K142*AA144 -> 36.793085 | ... Q144: =Q142*AG144 -> 51.721446 | R144: =RATE(12,,-E144,Q144) -> 0.056924242 | S144: Genotypic AST | T144: =1-T143 -> 0.44 | U144: =1-U143 -> 0.43907839 | V144: =1-V143 -> 0.43815526 | W144: =1-W143 -> 0.43723061 | X144: =1-X143 -> 0.43630443 | Y144: =1-Y143 -> 0.43537674 | Z144: =1-Z143 -> 0.43444752 | AA144: =1-AA143 -> 0.43351677 | ... AG144: =1-AG143 -> 0.4279
A146: Product | B146: Instruments | D146: =D142*T146 -> 27.037048 | E146: =E142*U146 -> 28.51382 | F146: =F142*V146 -> 30.084785 | G146: =G142*W146 -> 31.756701 | H146: =H142*X146 -> 33.536861 | I146: =I142*Y146 -> 35.433137 | J146: =J142*Z146 -> 37.454032 | K146: =K142*AA146 -> 39.608733 | ... Q146: =Q142*AG146 -> 55.96408 | R146: =RATE(12,,-E146,Q146) -> 0.057802276 | S146: Instruments | T146: 0.471 | U146: 0.47038462 | V146: 0.46976923 | W146: 0.46915385 | X146: 0.46853846 | Y146: 0.46792308 | Z146: 0.46730769 | AA146: 0.46669231 | AB146: 0.46607692 | AC146: 0.46546154 | AD146: 0.46484615 | AE146: 0.46423077 | AF146: 0.46361538 | AG146: 0.463
B147: Consumables | D147: =D142*T147 -> 30.366452 | E147: =E142*U147 -> 32.104276 | F147: =F142*V147 -> 33.95684 | G147: =G142*W147 -> 35.932611 | H147: =H142*X147 -> 38.040744 | I147: =I142*Y147 -> 40.291141 | J147: =J142*Z147 -> 42.694514 | K147: =K142*AA147 -> 45.26246 | ... Q147: =Q142*AG147 -> 64.908663 | R147: =RATE(12,,-E147,Q147) -> 0.060420988 | S147: Consumables | T147: =1-T146 -> 0.529 | U147: =1-U146 -> 0.52961538 | V147: =1-V146 -> 0.53023077 | W147: =1-W146 -> 0.53084615 | X147: =1-X146 -> 0.53146154 | Y147: =1-Y146 -> 0.53207692 | Z147: =1-Z146 -> 0.53269231 | AA147: =1-AA146 -> 0.53330769 | ... AG147: =1-AG146 -> 0.537
A149: Method | B149: Conventional | D149: =D142*T149 -> 23.018803 | E149: =E142*U149 -> 24.407931 | F149: =F142*V149 -> 25.89258 | G149: =G142*W149 -> 27.480042 | H149: =H142*X149 -> 29.178218 | I149: =I142*Y149 -> 30.995672 | J149: =J142*Z149 -> 32.941689 | K149: =K142*AA149 -> 35.026346 | ... Q149: =Q142*AG149 -> 51.12917 | R149: =RATE(12,,-E149,Q149) -> 0.06355874 | S149: Conventional | T149: 0.401 | U149: 0.40265091 | V149: 0.40430861 | W149: 0.40597313 | X149: 0.40764451 | Y149: 0.40932277 | Z149: 0.41100794 | AA149: 0.41270005 | AB149: 0.41439913 | AC149: 0.4161052 | AD149: 0.41781829 | AE149: 0.41953843 | AF149: 0.42126566 | AG149: 0.423
B150: Automated | D150: =D142*T150 -> 34.384696 | E150: =E142*U150 -> 36.210165 | F150: =F142*V150 -> 38.149045 | G150: =G142*W150 -> 40.20927 | H150: =H142*X150 -> 42.399387 | I150: =I142*Y150 -> 44.728607 | J150: =J142*Z150 -> 47.206857 | K150: =K142*AA150 -> 49.844847 | ... Q150: =Q142*AG150 -> 69.743572 | R150: =RATE(12,,-E150,Q150) -> 0.0561432 | S150: Automated | T150: =1-T149 -> 0.599 | U150: =1-U149 -> 0.59734909 | V150: =1-V149 -> 0.59569139 | W150: =1-W149 -> 0.59402687 | X150: =1-X149 -> 0.59235549 | Y150: =1-Y149 -> 0.59067723 | Z150: =1-Z149 -> 0.58899206 | AA150: =1-AA149 -> 0.58729995 | ... AG150: =1-AG149 -> 0.577
A152: Technology | B152: Culture-Based | D152: =D142*T152 -> 14.350875 | E152: =E142*U152 -> 15.248842 | F152: =F142*V152 -> 16.210316 | G152: =G142*W152 -> 17.240259 | H152: =H142*X152 -> 18.344058 | I152: =I142*Y152 -> 19.527559 | J152: =J142*Z152 -> 20.797111 | K152: =K142*AA152 -> 22.159616 | ... Q152: =Q142*AG152 -> 32.756513 | R152: =RATE(12,,-E152,Q152) -> 0.065790228 | S152: Culture-Based | T152: 0.25 | U152: 0.25155594 | V152: 0.25312155 | W152: 0.25469692 | X152: 0.25628209 | Y152: 0.25787712 | Z152: 0.25948208 | AA152: 0.26109703 | AB152: 0.26272203 | AC152: 0.26435714 | AD152: 0.26600243 | AE152: 0.26765796 | AF152: 0.2693238 | AG152: 0.271
...

Sheet APAC
A2: APAC Blood Culture Test Market, 2023-36 (USD Million)
D12: 2023 | E12: 2024 | F12: 2025 | G12: 2026 | H12: 2027 | I12: 2028 | J12: 2029 | K12: 2030 | L12: 2031 | M12: 2032 | N12: 2033 | O12: 2034 | P12: 2035 | Q12: 2036 | R12: CAGR (2024-2036)
D13: =D38+D64+D89+D115+D140 -> 1279.278 | E13: =E38+E64+E89+E115+E140 -> 1438.0236 | F13: =F38+F64+F89+F115+F140 -> 1614.2144 | G13: =G38+G64+G89+G115+G140 -> 1812.2815 | H13: =H38+H64+H89+H115+H140 -> 2034.9743 | I13: =I38+I64+I89+I115+I140 -> 2285.4047 | J13: =J38+J64+J89+J115+J140 -> 2567.1 | K13: =K38+K64+K89+K115+K140 -> 2884.066 | ... Q13: =Q38+Q64+Q89+Q115+Q140 -> 5832.4582 | R13: =RATE(12,,-E13,Q13) -> 0.1237606 | T13: 2023 | U13: 2024 | V13: 2025 | W13: 2026 | X13: 2027 | Y13: 2028 | Z13: 2029 | AA13: 2030 | AB13: 2031 | AC13: 2032 | AD13: 2033 | AE13: 2034 | AF13: 2035 | AG13: 2036
A14: Test Type | B14: Phenotypic AST | D14: =D39+D65+D90+D116+D141 -> 716.39568 | E14: =E39+E65+E90+E116+E141 -> 806.61852 | F14: =F39+F65+F90+F116+F141 -> 906.93787 | G14: =G39+G65+G90+G116+G141 -> 1019.8966 | H14: =H39+H65+H90+H116+H141 -> 1147.106 | I14: =I39+I65+I90+I116+I141 -> 1290.3926 | J14: =J39+J65+J90+J116+J141 -> 1451.8298 | K14: =K39+K65+K90+K116+K141 -> 1633.775 | ... Q14: =Q39+Q65+Q90+Q116+Q141 -> 3336.7493 | R14: =RATE(12,,-E14,Q14) -> 0.12561002 | S14: Phenotypic AST | T14: 0.56 | U14: 0.56092161 | V14: 0.56184474 | W14: 0.56276939 | X14: 0.56369557 | Y14: 0.56462326 | Z14: 0.56555248 | AA14: 0.56648323 | AB14: 0.56741552 | AC14: 0.56834934 | AD14: 0.56928469 | AE14: 0.57022158 | AF14: 0.57116002 | AG14: 0.5721
B15: Genotypic AST | D15: =D40+D66+D91+D117+D142 -> 562.88232 | E15: =E40+E66+E91+E117+E142 -> 631.40508 | F15: =F40+F66+F91+F117+F142 -> 707.27652 | G15: =G40+G66+G91+G117+G142 -> 792.38494 | H15: =H40+H66+H91+H117+H142 -> 887.86833 | I15: =I40+I66+I91+I117+I142 -> 995.01203 | J15: =J40+J66+J91+J117+J142 -> 1115.2702 | K15: =K40+K66+K91+K117+K142 -> 1250.2909 | ... Q15: =Q40+Q66+Q91+Q117+Q142 -> 2495.7089 | R15: =RATE(12,,-E15,Q15) -> 0.12134819 | S15: Genotypic AST | T15: =1-T14 -> 0.44 | U15: =1-U14 -> 0.43907839 | V15: =1-V14 -> 0.43815526 | W15: =1-W14 -> 0.43723061 | X15: =1-X14 -> 0.43630443 | Y15: =1-Y14 -> 0.43537674 | Z15: =1-Z14 -> 0.43444752 | AA15: =1-AA14 -> 0.43351677 | ... AG15: =1-AG14 -> 0.4279
A17: Product | B17: Instruments | D17: =D42+D68+D93+D119+D144 -> 602.53994 | E17: =E42+E68+E93+E119+E144 -> 676.42418 | F17: =F42+F68+F93+F119+F144 -> 758.30825 | G17: =G42+G68+G93+G119+G144 -> 850.23884 | H17: =H42+H68+H93+H119+H144 -> 953.46374 | I17: =I42+I68+I93+I119+I144 -> 1069.3936 | J17: =J42+J68+J93+J119+J144 -> 1199.6256 | K17: =K42+K68+K93+K119+K144 -> 1345.9714 | ... Q17: =Q42+Q68+Q93+Q119+Q144 -> 2700.4281 | R17: =RATE(12,,-E17,Q17) -> 0.12227975 | S17: Instruments | T17: 0.471 | U17: 0.47038462 | V17: 0.46976923 | W17: 0.46915385 | X17: 0.46853846 | Y17: 0.46792308 | Z17: 0.46730769 | AA17: 0.46669231 | AB17: 0.46607692 | AC17: 0.46546154 | AD17: 0.46484615 | AE17: 0.46423077 | AF17: 0.46361538 | AG17: 0.463
B18: Consumables | D18: =D43+D69+D94+D120+D145 -> 676.73806 | E18: =E43+E69+E94+E120+E145 -> 761.59943 | F18: =F43+F69+F94+F120+F145 -> 855.90613 | G18: =G43+G69+G94+G120+G145 -> 962.04267 | H18: =H43+H69+H94+H120+H145 -> 1081.5106 | I18: =I43+I69+I94+I120+I145 -> 1216.0111 | J18: =J43+J69+J94+J120+J145 -> 1367.4744 | K18: =K43+K69+K94+K120+K145 -> 1538.0946 | ... Q18: =Q43+Q69+Q94+Q120+Q145 -> 3132.03 | R18: =RATE(12,,-E18,Q18) -> 0.12505808 | S18: Consumables | T18: =1-T17 -> 0.529 | U18: =1-U17 -> 0.52961538 | V18: =1-V17 -> 0.53023077 | W18: =1-W17 -> 0.53084615 | X18: =1-X17 -> 0.53146154 | Y18: =1-Y17 -> 0.53207692 | Z18: =1-Z17 -> 0.53269231 | AA18: =1-AA17 -> 0.53330769 | ... AG18: =1-AG17 -> 0.537
A20: Method | B20: Conventional | D20: =D45+D71+D96+D122+D147 -> 512.99048 | E20: =E45+E71+E96+E122+E147 -> 579.02151 | F20: =F45+F71+F96+F122+F147 -> 652.64077 | G20: =G45+G71+G96+G122+G147 -> 735.7376 | H20: =H45+H71+H96+H122+H147 -> 829.54612 | I20: =I45+I71+I96+I122+I147 -> 935.46818 | J20: =J45+J71+J96+J122+J147 -> 1055.0985 | K20: =K45+K71+K96+K122+K147 -> 1190.2542 | ... Q20: =Q45+Q71+Q96+Q122+Q147 -> 2467.1298 | R20: =RATE(12,,-E20,Q20) -> 0.12838709 | S20: Conventional | T20: 0.401 | U20: 0.40265091 | V20: 0.40430861 | W20: 0.40597313 | X20: 0.40764451 | Y20: 0.40932277 | Z20: 0.41100794 | AA20: 0.41270005 | AB20: 0.41439913 | AC20: 0.4161052 | AD20: 0.41781829 | AE20: 0.41953843 | AF20: 0.42126566 | AG20: 0.423
B21: Automated | D21: =D46+D72+D97+D123+D148 -> 766.28752 | E21: =E46+E72+E97+E123+E148 -> 859.0021 | F21: =F46+F72+F97+F123+F148 -> 961.57361 | G21: =G46+G72+G97+G123+G148 -> 1076.5439 | H21: =H46+H72+H97+H123+H148 -> 1205.4282 | I21: =I46+I72+I97+I123+I148 -> 1349.9365 | J21: =J46+J72+J97+J123+J148 -> 1512.0015 | K21: =K46+K72+K97+K123+K148 -> 1693.8118 | ... Q21: =Q46+Q72+Q97+Q123+Q148 -> 3365.3284 | R21: =RATE(12,,-E21,Q21) -> 0.12051954 | S21: Automated | T21: =1-T20 -> 0.599 | U21: =1-U20 -> 0.59734909 | V21: =1-V20 -> 0.59569139 | W21: =1-W20 -> 0.59402687 | X21: =1-X20 -> 0.59235549 | Y21: =1-Y20 -> 0.59067723 | Z21: =1-Z20 -> 0.58899206 | AA21: =1-AA20 -> 0.58729995 | ... AG21: =1-AG20 -> 0.577
A23: Technology | B23: Culture-Based | D23: =D48+D74+D99+D125+D150 -> 319.8195 | E23: =E48+E74+E99+E125+E150 -> 361.74337 | F23: =F48+F74+F99+F125+F150 -> 408.59245 | G23: =G48+G74+G99+G125+G150 -> 461.58251 | H23: =H48+H74+H99+H125+H150 -> 521.52747 | I23: =I48+I74+I99+I125+I150 -> 589.35357 | J23: =J48+J74+J99+J125+J150 -> 666.11646 | K23: =K48+K74+K99+K125+K150 -> 753.02105 | ... Q23: =Q48+Q74+Q99+Q125+Q150 -> 1580.5962 | R23: =RATE(12,,-E23,Q23) -> 0.1307546 | S23: Culture-Based | T23: 0.25 | U23: 0.25155594 | V23: 0.25312155 | W23: 0.25469692 | X23: 0.25628209 | Y23: 0.25787712 | Z23: 0.25948208 | AA23: 0.26109703 | AB23: 0.26272203 | AC23: 0.26435714 | AD23: 0.26600243 | AE23: 0.26765796 | AF23: 0.2693238 | AG23: 0.271
B24: Molecular Technology | D24: =D49+D75+D100+D126+D151 -> 486.12564 | E24: =E49+E75+E100+E126+E151 -> 547.75741 | F24: =F49+F75+F100+F126+F151 -> 616.3425 | G24: =G49+G75+G100+G126+G151 -> 693.62575 | H24: =H49+H75+H100+H126+H151 -> 780.7233 | I24: =I49+I75+I100+I126+I151 -> 878.90101 | J24: =J49+J75+J100+J126+J151 -> 989.59684 | K24: =K49+K75+K100+K126+K151 -> 1114.4468 | ... Q24: =Q49+Q75+Q100+Q126+Q151 -> 2286.3236 | R24: =RATE(12,,-E24,Q24) -> 0.12645138 | S24: Molecular Technology | T24: 0.38 | U24: 0.38090989 | V24: 0.38182196 | W24: 0.38273621 | X24: 0.38365265 | Y24: 0.38457129 | Z24: 0.38549212 | AA24: 0.38641516 | AB24: 0.38734041 | AC24: 0.38826788 | AD24: 0.38919756 | AE24: 0.39012948 | AF24: 0.39106362 | AG24: 0.392
B25: PCR | D25: =D50+D76+D101+D127+D152 -> 170.14397 | E25: =E50+E76+E101+E127+E152 -> 191.37871 | F25: =F50+F76+F101+F127+F152 -> 214.96353 | G25: =G50+G76+G101+G127+G152 -> 241.49335 | H25: =H50+H76+H101+H127+H152 -> 271.34038 | I25: =I50+I76+I101+I127+I152 -> 304.92607 | J25: =J50+J76+J101+J127+J152 -> 342.72849 | K25: =K50+K76+K101+K127+K152 -> 385.29073 | ... Q25: =Q50+Q76+Q101+Q127+Q152 -> 782.15131 | R25: =RATE(12,,-E25,Q25) -> 0.12447489 | S25: PCR | T25: 0.35 | U25: 0.34938588 | V25: 0.34877285 | W25: 0.34816088 | X25: 0.34754999 | Y25: 0.34694018 | Z25: 0.34633143 | AA25: 0.34572375 | AB25: 0.34511714 | AC25: 0.34451159 | AD25: 0.3439071 | AE25: 0.34330368 | AF25: 0.34270131 | AG25: 0.3421
B26: Microarray | D26: =D51+D77+D102+D128+D153 -> 136.11518 | E26: =E51+E77+E102+E128+E153 -> 153.90843 | F26: =F51+F77+F102+F128+F153 -> 173.78504 | G26: =G51+G77+G102+G128+G153 -> 196.25992 | H26: =H51+H77+H102+H128+H153 -> 221.6765 | I26: =I51+I77+I102+I128+I153 -> 250.42553 | J26: =J51+J77+J102+J128+J153 -> 282.95219 | K26: =K51+K77+K102+K128+K153 -> 319.76449 | ... Q26: =Q51+Q77+Q102+Q128+Q153 -> 669.89282 | R26: =RATE(12,,-E26,Q26) -> 0.1303907 | S26: Microarray | T26: 0.28 | U26: 0.28097919 | V26: 0.2819618 | W26: 0.28294785 | X26: 0.28393735 | Y26: 0.2849303 | Z26: 0.28592673 | AA26: 0.28692665 | AB26: 0.28793006 | AC26: 0.28893698 | AD26: 0.28994742 | AE26: 0.2909614 | AF26: 0.29197892 | AG26: 0.293
B27: PNA-FISH | D27: =D52+D78+D103+D129+D154 -> 179.86649 | E27: =E52+E78+E103+E129+E154 -> 202.47027 | F27: =F52+F78+F103+F129+F154 -> 227.59393 | G27: =G52+G78+G103+G129+G154 -> 255.87248 | H27: =H52+H78+H103+H129+H154 -> 287.70642 | I27: =I52+I78+I103+I129+I154 -> 323.54941 | J27: =J52+J78+J103+J129+J154 -> 363.91616 | K27: =K52+K78+K103+K129+K154 -> 409.39159 | ... Q27: =Q52+Q78+Q103+Q129+Q154 -> 834.27948 | R27: =RATE(12,,-E27,Q27) -> 0.1252418 | S27: PNA-FISH | T27: =1-SUM(T25:T26) -> 0.37 | U27: =1-SUM(U25:U26) -> 0.36963493 | V27: =1-SUM(V25:V26) -> 0.36926535 | W27: =1-SUM(W25:W26) -> 0.36889127 | X27: =1-SUM(X25:X26) -> 0.36851266 | Y27: =1-SUM(Y25:Y26) -> 0.36812952 | Z27: =1-SUM(Z25:Z26) -> 0.36774184 | AA27: =1-SUM(AA25:AA26) -> 0.3673496 | ... AG27: =1-SUM(AG25:AG26) -> 0.3649
B28: Proteomic Technologies | D28: =D53+D79+D104+D130+D155 -> 473.33286 | E28: =E53+E79+E104+E130+E155 -> 528.52282 | F28: =F53+F79+F104+F130+F155 -> 589.27943 | G28: =G53+G79+G104+G130+G155 -> 657.07324 | H28: =H53+H79+H104+H130+H155 -> 732.72357 | I28: =I53+I79+I104+I130+I155 -> 817.15008 | J28: =J53+J79+J104+J130+J155 -> 911.38675 | K28: =K53+K79+K104+K130+K155 -> 1016.5981 | ... Q28: =Q53+Q79+Q104+Q130+Q155 -> 1965.5384 | R28: =RATE(12,,-E28,Q28) -> 0.11566759 | S28: Proteomic Technologies | T28: =1-SUM(T23+T24) -> 0.37 | U28: =1-SUM(U23+U24) -> 0.36753418 | V28: =1-SUM(V23+V24) -> 0.36505649 | W28: =1-SUM(W23+W24) -> 0.36256687 | X28: =1-SUM(X23+X24) -> 0.36006526 | Y28: =1-SUM(Y23+Y24) -> 0.3575516 | Z28: =1-SUM(Z23+Z24) -> 0.3550258 | AA28: =1-SUM(AA23+AA24) -> 0.35248781 | ... AG28: =1-SUM(AG23+AG24) -> 0.337
A30: Application | B30: Bacteremia | D30: =D55+D81+D106+D132+D157 -> 512.99048 | E30: =E55+E81+E106+E132+E157 -> 579.02151 | F30: =F55+F81+F106+F132+F157 -> 652.64077 | G30: =G55+G81+G106+G132+G157 -> 735.7376 | H30: =H55+H81+H106+H132+H157 -> 829.54612 | I30: =I55+I81+I106+I132+I157 -> 935.46818 | J30: =J55+J81+J106+J132+J157 -> 1055.0985 | K30: =K55+K81+K106+K132+K157 -> 1190.2542 | ... Q30: =Q55+Q81+Q106+Q132+Q157 -> 2467.1298 | R30: =RATE(12,,-E30,Q30) -> 0.12838709 | S30: Bacteremia | T30: 0.401 | U30: 0.40265091 | V30: 0.40430861 | W30: 0.40597313 | X30: 0.40764451 | Y30: 0.40932277 | Z30: 0.41100794 | AA30: 0.41270005 | AB30: 0.41439913 | AC30: 0.4161052 | AD30: 0.41781829 | AE30: 0.41953843 | AF30: 0.42126566 | AG30: 0.423
B31: Fungemia | D31: =D56+D82+D107+D133+D158 -> 551.36882 | E31: =E56+E82+E107+E133+E158 -> 620.99086 | F31: =F56+F82+F107+F133+F158 -> 698.4291 | G31: =G56+G82+G107+G133+G158 -> 785.64925 | H31: =H56+H82+H107+H133+H158 -> 883.90155 | I31: =I56+I82+I107+I133+I158 -> 994.60353 | J31: =J56+J82+J107+J133+J158 -> 1119.3647 | K31: =K56+K82+K107+K133+K158 -> 1260.0156 | ... Q31: =Q56+Q82+Q107+Q133+Q158 -> 2577.9465 | R31: =RATE(12,,-E31,Q31) -> 0.12594124 | S31: Fungemia | T31: 0.431 | U31: 0.43183635 | V31: 0.43267432 | W31: 0.43351391 | X31: 0.43435514 | Y31: 0.43519799 | Z31: 0.43604249 | AA31: 0.43688862 | AB31: 0.43773639 | AC31: 0.43858581 | AD31: 0.43943688 | AE31: 0.4402896 | AF31: 0.44114397 | AG31: 0.442
B32: Mycobacterial Infection | D32: =D57+D83+D108+D134+D159 -> 214.9187 | E32: =E57+E83+E108+E134+E159 -> 238.01124 | F32: =F57+F83+F108+F134+F159 -> 263.14451 | G32: =G57+G83+G108+G134+G159 -> 290.89466 | H32: =H57+H83+H108+H134+H159 -> 321.52666 | I32: =I57+I83+I108+I134+I159 -> 355.33296 | J32: =J57+J83+J108+J134+J159 -> 392.63684 | K32: =K57+K83+K108+K134+K159 -> 433.7962 | ... Q32: =Q57+Q83+Q108+Q134+Q159 -> 787.38185 | R32: =RATE(12,,-E32,Q32) -> 0.104839 | S32: Mycobacterial Infection | T32: =1-SUM(T30:T31) -> 0.168 | U32: =1-SUM(U30:U31) -> 0.16551275 | V32: =1-SUM(V30:V31) -> 0.16301708 | W32: =1-SUM(W30:W31) -> 0.16051295 | X32: =1-SUM(X30:X31) -> 0.15800035 | Y32: =1-SUM(Y30:Y31) -> 0.15547923 | Z32: =1-SUM(Z30:Z31) -> 0.15294957 | AA32: =1-SUM(AA30:AA31) -> 0.15041133 | ... AG32: =1-SUM(AG30:AG31) -> 0.135
A35: China Blood Culture Test Market
D37: 2023 | E37: 2024 | F37: 2025 | G37: 2026 | H37: 2027 | I37: 2028 | J37: 2029 | K37: 2030 | L37: 2031 | M37: 2032 | N37: 2033 | O37: 2034 | P37: 2035 | Q37: 2036 | R37: CAGR (2024-2036)
D38: ='Market Analysis'!C46 -> 345.40506 | E38: ='Market Analysis'!D46 -> 397.90663 | F38: ='Market Analysis'!E46 -> 452.15759 | G38: ='Market Analysis'!F46 -> 514.41751 | H38: ='Market Analysis'!G46 -> 585.95389 | I38: ='Market Analysis'!H46 -> 668.2477 | J38: ='Market Analysis'!I46 -> 763.0314 | K38: ='Market Analysis'!J46 -> 872.33415 | ... Q38: ='Market Analysis'!P46 -> 2000.0208 | R38: =RATE(12,,-E38,Q38) -> 0.14403096 | T38: 2023 | U38: 2024 | V38: 2025 | W38: 2026 | X38: 2027 | Y38: 2028 | Z38: 2029 | AA38: 2030 | AB38: 2031 | AC38: 2032 | AD38: 2033 | AE38: 2034 | AF38: 2035 | AG38: 2036
A39: Test Type | B39: Phenotypic AST | D39: =D38*T39 -> 193.42683 | E39: =E38*U39 -> 223.19443 | F39: =F38*V39 -> 254.04236 | G39: =G38*W39 -> 289.49843 | H39: =H38*X39 -> 330.29961 | I39: =I38*Y39 -> 377.30819 | J39: =J38*Z39 -> 431.5343 | K39: =K38*AA39 -> 494.16267 | ... Q39: =Q38*AG39 -> 1144.2119 | R39: =RATE(12,,-E39,Q39) -> 0.14591374 | S39: Phenotypic AST | T39: 0.56 | U39: 0.56092161 | V39: 0.56184474 | W39: 0.56276939 | X39: 0.56369557 | Y39: 0.56462326 | Z39: 0.56555248 | AA39: 0.56648323 | AB39: 0.56741552 | AC39: 0.56834934 | AD39: 0.56928469 | AE39: 0.57022158 | AF39: 0.57116002 | AG39: 0.5721
B40: Genotypic AST | D40: =D38*T40 -> 151.97823 | E40: =E38*U40 -> 174.7122 | F40: =F38*V40 -> 198.11522 | G40: =G38*W40 -> 224.91908 | H40: =H38*X40 -> 255.65428 | I40: =I38*Y40 -> 290.9395 | J40: =J38*Z40 -> 331.4971 | K40: =K38*AA40 -> 378.17148 | ... Q40: =Q38*AG40 -> 855.80891 | R40: =RATE(12,,-E40,Q40) -> 0.14157504 | S40: Genotypic AST | T40: =1-T39 -> 0.44 | U40: =1-U39 -> 0.43907839 | V40: =1-V39 -> 0.43815526 | W40: =1-W39 -> 0.43723061 | X40: =1-X39 -> 0.43630443 | Y40: =1-Y39 -> 0.43537674 | Z40: =1-Z39 -> 0.43444752 | AA40: =1-AA39 -> 0.43351677 | ... AG40: =1-AG39 -> 0.4279
A42: Product | B42: Instruments | D42: =D38*T42 -> 162.68578 | E42: =E38*U42 -> 187.16916 | F42: =F38*V42 -> 212.40972 | G42: =G38*W42 -> 241.34095 | H42: =H38*X42 -> 274.54193 | I42: =I38*Y42 -> 312.68852 | J42: =J38*Z42 -> 356.57044 | K42: =K38*AA42 -> 407.11164 | ... Q42: =Q38*AG42 -> 926.00964 | R42: =RATE(12,,-E42,Q42) -> 0.1425234 | S42: Instruments | T42: 0.471 | U42: 0.47038462 | V42: 0.46976923 | W42: 0.46915385 | X42: 0.46853846 | Y42: 0.46792308 | Z42: 0.46730769 | AA42: 0.46669231 | AB42: 0.46607692 | AC42: 0.46546154 | AD42: 0.46484615 | AE42: 0.46423077 | AF42: 0.46361538 | AG42: 0.463
B43: Consumables | D43: =D38*T43 -> 182.71928 | E43: =E38*U43 -> 210.73747 | F43: =F38*V43 -> 239.74787 | G43: =G38*W43 -> 273.07656 | H43: =H38*X43 -> 311.41196 | I43: =I38*Y43 -> 355.55918 | J43: =J38*Z43 -> 406.46096 | K43: =K38*AA43 -> 465.22251 | ... Q43: =Q38*AG43 -> 1074.0112 | R43: =RATE(12,,-E43,Q43) -> 0.14535184 | S43: Consumables | T43: =1-T42 -> 0.529 | U43: =1-U42 -> 0.52961538 | V43: =1-V42 -> 0.53023077 | W43: =1-W42 -> 0.53084615 | X43: =1-X42 -> 0.53146154 | Y43: =1-Y42 -> 0.53207692 | Z43: =1-Z42 -> 0.53269231 | AA43: =1-AA42 -> 0.53330769 | ... AG43: =1-AG42 -> 0.537
A45: Method | B45: Conventional | D45: =D38*T45 -> 138.50743 | E45: =E38*U45 -> 160.21746 | F45: =F38*V45 -> 182.81121 | G45: =G38*W45 -> 208.83969 | H45: =H38*X45 -> 238.86089 | I45: =I38*Y45 -> 273.529 | J45: =J38*Z45 -> 313.61197 | K45: =K38*AA45 -> 360.01235 | ... Q45: =Q38*AG45 -> 846.0088 | R45: =RATE(12,,-E45,Q45) -> 0.1487409 | S45: Conventional | T45: 0.401 | U45: 0.40265091 | V45: 0.40430861 | W45: 0.40597313 | X45: 0.40764451 | Y45: 0.40932277 | Z45: 0.41100794 | AA45: 0.41270005 | AB45: 0.41439913 | AC45: 0.4161052 | AD45: 0.41781829 | AE45: 0.41953843 | AF45: 0.42126566 | AG45: 0.423
B46: Automated | D46: =D38*T46 -> 206.89763 | E46: =E38*U46 -> 237.68916 | F46: =F38*V46 -> 269.34638 | G46: =G38*W46 -> 305.57782 | H46: =H38*X46 -> 347.093 | I46: =I38*Y46 -> 394.7187 | J46: =J38*Z46 -> 449.41943 | K46: =K38*AA46 -> 512.3218 | ... Q46: =Q38*AG46 -> 1154.012 | R46: =RATE(12,,-E46,Q46) -> 0.14073144 | S46: Automated | T46: =1-T45 -> 0.599 | U46: =1-U45 -> 0.59734909 | V46: =1-V45 -> 0.59569139 | W46: =1-W45 -> 0.59402687 | X46: =1-X45 -> 0.59235549 | Y46: =1-Y45 -> 0.59067723 | Z46: =1-Z45 -> 0.58899206 | AA46: =1-AA45 -> 0.58729995 | ... AG46: =1-AG45 -> 0.577
A48: Technology | B48: Culture-Based | D48: =D38*T48 -> 86.351265 | E48: =E38*U48 -> 100.09577 | F48: =F38*V48 -> 114.45083 | G48: =G38*W48 -> 131.02055 | H48: =H38*X48 -> 150.16949 | I48: =I38*Y48 -> 172.32579 | J48: =J38*Z48 -> 197.99297 | K48: =K38*AA48 -> 227.76385 | ... Q48: =Q38*AG48 -> 542.00564 | R48: =RATE(12,,-E48,Q48) -> 0.15115112 | S48: Culture-Based | T48: 0.25 | U48: 0.25155594 | V48: 0.25312155 | W48: 0.25469692 | X48: 0.25628209 | Y48: 0.25787712 | Z48: 0.25948208 | AA48: 0.26109703 | AB48: 0.26272203 | AC48: 0.26435714 | AD48: 0.26600243 | AE48: 0.26765796 | AF48: 0.2693238 | AG48: 0.271
B49: Molecular Technology | D49: =D38*T49 -> 131.25392 | E49: =E38*U49 -> 151.56657 | F49: =F38*V49 -> 172.6437 | G49: =G38*W49 -> 196.88621 | H49: =H38*X49 -> 224.80276 | I49: =I38*Y49 -> 256.98888 | J49: =J38*Z49 -> 294.14259 | K49: =K38*AA49 -> 337.08314 | ... Q49: =Q38*AG49 -> 784.00816 | R49: =RATE(12,,-E49,Q49) -> 0.14677028 | S49: Molecular Technology | T49: 0.38 | U49: 0.38090989 | V49: 0.38182196 | W49: 0.38273621 | X49: 0.38365265 | Y49: 0.38457129 | Z49: 0.38549212 | AA49: 0.38641516 | AB49: 0.38734041 | AC49: 0.38826788 | AD49: 0.38919756 | AE49: 0.39012948 | AF49: 0.39106362 | AG49: 0.392
B50: PCR | D50: =D49*T50 -> 45.938873 | E50: =E49*U50 -> 52.95522 | F50: =F49*V50 -> 60.213433 | G50: =G49*W50 -> 68.548076 | H50: =H49*X50 -> 78.130199 | I50: =I49*Y50 -> 89.159766 | J50: =J49*Z50 -> 101.87082 | K50: =K49*AA50 -> 116.53765 | ... Q50: =Q49*AG50 -> 268.20919 | R50: =RATE(12,,-E50,Q50) -> 0.14475814 | S50: PCR | T50: 0.35 | U50: 0.34938588 | V50: 0.34877285 | W50: 0.34816088 | X50: 0.34754999 | Y50: 0.34694018 | Z50: 0.34633143 | AA50: 0.34572375 | AB50: 0.34511714 | AC50: 0.34451159 | AD50: 0.3439071 | AE50: 0.34330368 | AF50: 0.34270131 | AG50: 0.3421
B51: Microarray | D51: =D49*T51 -> 36.751098 | E51: =E49*U51 -> 42.587052 | F51: =F49*V51 -> 48.678927 | G51: =G49*W51 -> 55.708529 | H51: =H49*X51 -> 63.8299 | I51: =I49*Y51 -> 73.223919 | J51: =J49*Z51 -> 84.103231 | K51: =K49*AA51 -> 96.718136 | ... Q51: =Q49*AG51 -> 229.71439 | R51: =RATE(12,,-E51,Q51) -> 0.15078065 | S51: Microarray | T51: 0.28 | U51: 0.28097919 | V51: 0.2819618 | W51: 0.28294785 | X51: 0.28393735 | Y51: 0.2849303 | Z51: 0.28592673 | AA51: 0.28692665 | AB51: 0.28793006 | AC51: 0.28893698 | AD51: 0.28994742 | AE51: 0.2909614 | AF51: 0.29197892 | AG51: 0.293
B52: PNA-FISH | D52: =D49*T52 -> 48.563951 | E52: =E49*U52 -> 56.024298 | F52: =F49*V52 -> 63.751335 | G52: =G49*W52 -> 72.629603 | H52: =H49*X52 -> 82.842664 | I52: =I49*Y52 -> 94.605192 | J52: =J49*Z52 -> 108.16854 | K52: =K49*AA52 -> 123.82736 | ... Q52: =Q49*AG52 -> 286.08458 | R52: =RATE(12,,-E52,Q52) -> 0.14553888 | S52: PNA-FISH | T52: =1-SUM(T50:T51) -> 0.37 | U52: =1-SUM(U50:U51) -> 0.36963493 | V52: =1-SUM(V50:V51) -> 0.36926535 | W52: =1-SUM(W50:W51) -> 0.36889127 | X52: =1-SUM(X50:X51) -> 0.36851266 | Y52: =1-SUM(Y50:Y51) -> 0.36812952 | Z52: =1-SUM(Z50:Z51) -> 0.36774184 | AA52: =1-SUM(AA50:AA51) -> 0.3673496 | ... AG52: =1-SUM(AG50:AG51) -> 0.3649
B53: Proteomic Technologies | D53: =D38*T53 -> 127.79987 | E53: =E38*U53 -> 146.24428 | F53: =F38*V53 -> 165.06306 | G53: =G38*W53 -> 186.51075 | H53: =H38*X53 -> 210.98164 | I53: =I38*Y53 -> 238.93303 | J53: =J38*Z53 -> 270.89583 | K53: =K38*AA53 -> 307.48715 | ... Q53: =Q38*AG53 -> 674.00701 | R53: =RATE(12,,-E53,Q53) -> 0.13579197 | S53: Proteomic Technologies | T53: =1-SUM(T48+T49) -> 0.37 | U53: =1-SUM(U48+U49) -> 0.36753418 | V53: =1-SUM(V48+V49) -> 0.36505649 | W53: =1-SUM(W48+W49) -> 0.36256687 | X53: =1-SUM(X48+X49) -> 0.36006526 | Y53: =1-SUM(Y48+Y49) -> 0.3575516 | Z53: =1-SUM(Z48+Z49) -> 0.3550258 | AA53: =1-SUM(AA48+AA49) -> 0.35248781 | ... AG53: =1-SUM(AG48+AG49) -> 0.337
A55: Application | B55: Bacteremia | D55: =D38*T55 -> 138.50743 | E55: =E38*U55 -> 160.21746 | F55: =F38*V55 -> 182.81121 | G55: =G38*W55 -> 208.83969 | H55: =H38*X55 -> 238.86089 | I55: =I38*Y55 -> 273.529 | J55: =J38*Z55 -> 313.61197 | K55: =K38*AA55 -> 360.01235 | ... Q55: =Q38*AG55 -> 846.0088 | R55: =RATE(12,,-E55,Q55) -> 0.1487409 | S55: Bacteremia | T55: 0.401 | U55: 0.40265091 | V55: 0.40430861 | W55: 0.40597313 | X55: 0.40764451 | Y55: 0.40932277 | Z55: 0.41100794 | AA55: 0.41270005 | AB55: 0.41439913 | AC55: 0.4161052 | AD55: 0.41781829 | AE55: 0.41953843 | AF55: 0.42126566 | AG55: 0.423
B56: Fungemia | D56: =D38*T56 -> 148.86958 | E56: =E38*U56 -> 171.83055 | F56: =F38*V56 -> 195.63698 | G56: =G38*W56 -> 223.00715 | H56: =H38*X56 -> 254.51208 | I56: =I38*Y56 -> 290.82006 | J56: =J38*Z56 -> 332.71411 | K56: =K38*AA56 -> 381.11286 | ... Q56: =Q38*AG56 -> 884.0092 | R56: =RATE(12,,-E56,Q56) -> 0.14625093 | S56: Fungemia | T56: 0.431 | U56: 0.43183635 | V56: 0.43267432 | W56: 0.43351391 | X56: 0.43435514 | Y56: 0.43519799 | Z56: 0.43604249 | AA56: 0.43688862 | AB56: 0.43773639 | AC56: 0.43858581 | AD56: 0.43943688 | AE56: 0.4402896 | AF56: 0.44114397 | AG56: 0.442
B57: Mycobacterial Infection | D57: =D38*T57 -> 58.02805 | E57: =E38*U57 -> 65.85862 | F57: =F38*V57 -> 73.709408 | G57: =G38*W57 -> 82.570674 | H57: =H38*X57 -> 92.580919 | I57: =I38*Y57 -> 103.89864 | J57: =J38*Z57 -> 116.70532 | K57: =K38*AA57 -> 131.20894 | ... Q57: =Q38*AG57 -> 270.00281 | R57: =RATE(12,,-E57,Q57) -> 0.12476805 | S57: Mycobacterial Infection | T57: =1-SUM(T55:T56) -> 0.168 | U57: =1-SUM(U55:U56) -> 0.16551275 | V57: =1-SUM(V55:V56) -> 0.16301708 | W57: =1-SUM(W55:W56) -> 0.16051295 | X57: =1-SUM(X55:X56) -> 0.15800035 | Y57: =1-SUM(Y55:Y56) -> 0.15547923 | Z57: =1-SUM(Z55:Z56) -> 0.15294957 | AA57: =1-SUM(AA55:AA56) -> 0.15041133 | ... AG57: =1-SUM(AG55:AG56) -> 0.135
A61: India Blood Culture Test Market
D63: 2023 | E63: 2024 | F63: 2025 | G63: 2026 | H63: 2027 | I63: 2028 | J63: 2029 | K63: 2030 | L63: 2031 | M63: 2032 | N63: 2033 | O63: 2034 | P63: 2035 | Q63: 2036 | R63: CAGR (2024-2036)
D64: ='Market Analysis'!C48 -> 191.8917 | E64: ='Market Analysis'!D48 -> 215.30249 | F64: ='Market Analysis'!E48 -> 234.68336 | G64: ='Market Analysis'!F48 -> 256.05021 | H64: ='Market Analysis'!G48 -> 279.6288 | I64: ='Market Analysis'!H48 -> 305.67285 | J64: ='Market Analysis'!I48 -> 334.4679 | K64: ='Market Analysis'!J48 -> 366.33551 | ... Q64: ='Market Analysis'!P48 -> 646.01992 | R64: =RATE(12,,-E64,Q64) -> 0.095888589 | T64: 2023 | U64: 2024 | V64: 2025 | W64: 2026 | X64: 2027 | Y64: 2028 | Z64: 2029 | AA64: 2030 | AB64: 2031 | AC64: 2032 | AD64: 2033 | AE64: 2034 | AF64: 2035 | AG64: 2036
A65: Test Type | B65: Phenotypic AST | D65: =D64*T65 -> 107.45935 | E65: =E64*U65 -> 120.76782 | F65: =F64*V65 -> 131.85561 | G65: =G64*W65 -> 144.09722 | H65: =H64*X65 -> 157.62551 | I65: =I64*Y65 -> 172.59 | J65: =J64*Z65 -> 189.15915 | K65: =K64*AA65 -> 207.52293 | ... Q65: =Q64*AG65 -> 369.58799 | R65: =RATE(12,,-E65,Q65) -> 0.097692136 | S65: Phenotypic AST | T65: 0.56 | U65: 0.56092161 | V65: 0.56184474 | W65: 0.56276939 | X65: 0.56369557 | Y65: 0.56462326 | Z65: 0.56555248 | AA65: 0.56648323 | AB65: 0.56741552 | AC65: 0.56834934 | AD65: 0.56928469 | AE65: 0.57022158 | AF65: 0.57116002 | AG65: 0.5721
B66: Genotypic AST | D66: =D64*T66 -> 84.432348 | E66: =E64*U66 -> 94.534669 | F66: =F64*V66 -> 102.82775 | G66: =G64*W66 -> 111.95299 | H66: =H64*X66 -> 122.00328 | I66: =I64*Y66 -> 133.08285 | J66: =J64*Z66 -> 145.30875 | K66: =K64*AA66 -> 158.81259 | ... Q66: =Q64*AG66 -> 276.43192 | R66: =RATE(12,,-E66,Q66) -> 0.093536014 | S66: Genotypic AST | T66: =1-T65 -> 0.44 | U66: =1-U65 -> 0.43907839 | V66: =1-V65 -> 0.43815526 | W66: =1-W65 -> 0.43723061 | X66: =1-X65 -> 0.43630443 | Y66: =1-Y65 -> 0.43537674 | Z66: =1-Z65 -> 0.43444752 | AA66: =1-AA65 -> 0.43351677 | ... AG66: =1-AG65 -> 0.4279
A68: Product | B68: Instruments | D68: =D64*T68 -> 90.380991 | E68: =E64*U68 -> 101.27498 | F68: =F64*V68 -> 110.24702 | G68: =G64*W68 -> 120.12694 | H68: =H64*X68 -> 131.01685 | I68: =I64*Y68 -> 143.03138 | J68: =J64*Z68 -> 156.29942 | K68: =K64*AA68 -> 170.96596 | ... Q68: =Q64*AG68 -> 299.10722 | R68: =RATE(12,,-E68,Q68) -> 0.094444463 | S68: Instruments | T68: 0.471 | U68: 0.47038462 | V68: 0.46976923 | W68: 0.46915385 | X68: 0.46853846 | Y68: 0.46792308 | Z68: 0.46730769 | AA68: 0.46669231 | AB68: 0.46607692 | AC68: 0.46546154 | AD68: 0.46484615 | AE68: 0.46423077 | AF68: 0.46361538 | AG68: 0.463
B69: Consumables | D69: =D64*T69 -> 101.51071 | E69: =E64*U69 -> 114.02751 | F69: =F64*V69 -> 124.43634 | G69: =G64*W69 -> 135.92327 | H69: =H64*X69 -> 148.61195 | I69: =I64*Y69 -> 162.64147 | J69: =J64*Z69 -> 178.16848 | K69: =K64*AA69 -> 195.36955 | ... Q69: =Q64*AG69 -> 346.91269 | R69: =RATE(12,,-E69,Q69) -> 0.097153887 | S69: Consumables | T69: =1-T68 -> 0.529 | U69: =1-U68 -> 0.52961538 | V69: =1-V68 -> 0.53023077 | W69: =1-W68 -> 0.53084615 | X69: =1-X68 -> 0.53146154 | Y69: =1-Y68 -> 0.53207692 | Z69: =1-Z68 -> 0.53269231 | AA69: =1-AA68 -> 0.53330769 | ... AG69: =1-AG68 -> 0.537
A71: Method | B71: Conventional | D71: =D64*T71 -> 76.948572 | E71: =E64*U71 -> 86.691741 | F71: =F64*V71 -> 94.884501 | G71: =G64*W71 -> 103.94951 | H71: =H64*X71 -> 113.98914 | I71: =I64*Y71 -> 125.11886 | J71: =J64*Z71 -> 137.46896 | K71: =K64*AA71 -> 151.18668 | ... Q71: =Q64*AG71 -> 273.26642 | R71: =RATE(12,,-E71,Q71) -> 0.10040033 | S71: Conventional | T71: 0.401 | U71: 0.40265091 | V71: 0.40430861 | W71: 0.40597313 | X71: 0.40764451 | Y71: 0.40932277 | Z71: 0.41100794 | AA71: 0.41270005 | AB71: 0.41439913 | AC71: 0.4161052 | AD71: 0.41781829 | AE71: 0.41953843 | AF71: 0.42126566 | AG71: 0.423
B72: Automated | D72: =D64*T72 -> 114.94313 | E72: =E64*U72 -> 128.61075 | F72: =F64*V72 -> 139.79886 | G72: =G64*W72 -> 152.10071 | H72: =H64*X72 -> 165.63965 | I72: =I64*Y72 -> 180.55399 | J72: =J64*Z72 -> 196.99893 | K72: =K64*AA72 -> 215.14883 | ... Q72: =Q64*AG72 -> 372.75349 | R72: =RATE(12,,-E72,Q72) -> 0.092727917 | S72: Automated | T72: =1-T71 -> 0.599 | U72: =1-U71 -> 0.59734909 | V72: =1-V71 -> 0.59569139 | W72: =1-W71 -> 0.59402687 | X72: =1-X71 -> 0.59235549 | Y72: =1-Y71 -> 0.59067723 | Z72: =1-Z71 -> 0.58899206 | AA72: =1-AA71 -> 0.58729995 | ... AG72: =1-AG71 -> 0.577
A74: Technology | B74: Culture-Based | D74: =D64*T74 -> 47.972925 | E74: =E64*U74 -> 54.160619 | F74: =F64*V74 -> 59.403416 | G74: =G64*W74 -> 65.2152 | H74: =H64*X74 -> 71.663851 | I74: =I64*Y74 -> 78.826034 | J74: =J64*Z74 -> 86.788426 | K74: =K64*AA74 -> 95.649113 | ... Q74: =Q64*AG74 -> 175.0714 | R74: =RATE(12,,-E74,Q74) -> 0.10270912 | S74: Culture-Based | T74: 0.25 | U74: 0.25155594 | V74: 0.25312155 | W74: 0.25469692 | X74: 0.25628209 | Y74: 0.25787712 | Z74: 0.25948208 | AA74: 0.26109703 | AB74: 0.26272203 | AC74: 0.26435714 | AD74: 0.26600243 | AE74: 0.26765796 | AF74: 0.2693238 | AG74: 0.271
B75: Molecular Technology | D75: =D64*T75 -> 72.918846 | E75: =E64*U75 -> 82.010847 | F75: =F64*V75 -> 89.607258 | G75: =G64*W75 -> 97.999688 | H75: =H64*X75 -> 107.28033 | I75: =I64*Y75 -> 117.553 | J75: =J64*Z75 -> 128.93474 | K75: =K64*AA75 -> 141.5576 | ... Q75: =Q64*AG75 -> 253.23981 | R75: =RATE(12,,-E75,Q75) -> 0.098512635 | S75: Molecular Technology | T75: 0.38 | U75: 0.38090989 | V75: 0.38182196 | W75: 0.38273621 | X75: 0.38365265 | Y75: 0.38457129 | Z75: 0.38549212 | AA75: 0.38641516 | AB75: 0.38734041 | AC75: 0.38826788 | AD75: 0.38919756 | AE75: 0.39012948 | AF75: 0.39106362 | AG75: 0.392
B76: PCR | D76: =D75*T76 -> 25.521596 | E76: =E75*U76 -> 28.653432 | F76: =F75*V76 -> 31.252578 | G76: =G75*W76 -> 34.119658 | H76: =H75*X76 -> 37.285278 | I76: =I75*Y76 -> 40.783859 | J76: =J75*Z76 -> 44.654152 | K76: =K75*AA76 -> 48.939823 | ... Q76: =Q75*AG76 -> 86.633338 | R76: =RATE(12,,-E76,Q76) -> 0.096585166 | S76: PCR | T76: 0.35 | U76: 0.34938588 | V76: 0.34877285 | W76: 0.34816088 | X76: 0.34754999 | Y76: 0.34694018 | Z76: 0.34633143 | AA76: 0.34572375 | AB76: 0.34511714 | AC76: 0.34451159 | AD76: 0.3439071 | AE76: 0.34330368 | AF76: 0.34270131 | AG76: 0.3421
B77: Microarray | D77: =D75*T77 -> 20.417277 | E77: =E75*U77 -> 23.043341 | F77: =F75*V77 -> 25.265824 | G77: =G75*W77 -> 27.728801 | H77: =H75*X77 -> 30.460892 | I77: =I75*Y77 -> 33.494413 | J77: =J75*Z77 -> 36.865889 | K77: =K75*AA77 -> 40.616647 | ... Q77: =Q75*AG77 -> 74.199263 | R77: =RATE(12,,-E77,Q77) -> 0.10235424 | S77: Microarray | T77: 0.28 | U77: 0.28097919 | V77: 0.2819618 | W77: 0.28294785 | X77: 0.28393735 | Y77: 0.2849303 | Z77: 0.28592673 | AA77: 0.28692665 | AB77: 0.28793006 | AC77: 0.28893698 | AD77: 0.28994742 | AE77: 0.2909614 | AF77: 0.29197892 | AG77: 0.293
B78: PNA-FISH | D78: =D75*T78 -> 26.979973 | E78: =E75*U78 -> 30.314073 | F78: =F75*V78 -> 33.088856 | G78: =G75*W78 -> 36.151229 | H78: =H75*X78 -> 39.534159 | I78: =I75*Y78 -> 43.27473 | J78: =J75*Z78 -> 47.414698 | K78: =K75*AA78 -> 52.001126 | ... Q78: =Q75*AG78 -> 92.407206 | R78: =RATE(12,,-E78,Q78) -> 0.097333055 | S78: PNA-FISH | T78: =1-SUM(T76:T77) -> 0.37 | U78: =1-SUM(U76:U77) -> 0.36963493 | V78: =1-SUM(V76:V77) -> 0.36926535 | W78: =1-SUM(W76:W77) -> 0.36889127 | X78: =1-SUM(X76:X77) -> 0.36851266 | Y78: =1-SUM(Y76:Y77) -> 0.36812952 | Z78: =1-SUM(Z76:Z77) -> 0.36774184 | AA78: =1-SUM(AA76:AA77) -> 0.3673496 | ... AG78: =1-SUM(AG76:AG77) -> 0.3649
B79: Proteomic Technologies | D79: =D64*T79 -> 70.999929 | E79: =E64*U79 -> 79.131022 | F79: =F64*V79 -> 85.672682 | G79: =G64*W79 -> 92.835325 | H79: =H64*X79 -> 100.68462 | I79: =I64*Y79 -> 109.29382 | J79: =J64*Z79 -> 118.74473 | K79: =K64*AA79 -> 129.1288 | ... Q79: =Q64*AG79 -> 217.70871 | R79: =RATE(12,,-E79,Q79) -> 0.087996302 | S79: Proteomic Technologies | T79: =1-SUM(T74+T75) -> 0.37 | U79: =1-SUM(U74+U75) -> 0.36753418 | V79: =1-SUM(V74+V75) -> 0.36505649 | W79: =1-SUM(W74+W75) -> 0.36256687 | X79: =1-SUM(X74+X75) -> 0.36006526 | Y79: =1-SUM(Y74+Y75) -> 0.3575516 | Z79: =1-SUM(Z74+Z75) -> 0.3550258 | AA79: =1-SUM(AA74+AA75) -> 0.35248781 | ... AG79: =1-SUM(AG74+AG75) -> 0.337
A81: Application | B81: Bacteremia | D81: =D64*T81 -> 76.948572 | E81: =E64*U81 -> 86.691741 | F81: =F64*V81 -> 94.884501 | G81: =G64*W81 -> 103.94951 | H81: =H64*X81 -> 113.98914 | I81: =I64*Y81 -> 125.11886 | J81: =J64*Z81 -> 137.46896 | K81: =K64*AA81 -> 151.18668 | ... Q81: =Q64*AG81 -> 273.26642 | R81: =RATE(12,,-E81,Q81) -> 0.10040033 | S81: Bacteremia | T81: 0.401 | U81: 0.40265091 | V81: 0.40430861 | W81: 0.40597313 | X81: 0.40764451 | Y81: 0.40932277 | Z81: 0.41100794 | AA81: 0.41270005 | AB81: 0.41439913 | AC81: 0.4161052 | AD81: 0.41781829 | AE81: 0.41953843 | AF81: 0.42126566 | AG81: 0.423
B82: Fungemia | D82: =D64*T82 -> 82.705323 | E82: =E64*U82 -> 92.97544 | F82: =F64*V82 -> 101.54146 | G82: =G64*W82 -> 111.00133 | H82: =H64*X82 -> 121.4582 | I82: =I64*Y82 -> 133.02821 | J82: =J64*Z82 -> 145.84221 | K82: =K64*AA82 -> 160.04782 | ... Q82: =Q64*AG82 -> 285.5408 | R82: =RATE(12,,-E82,Q82) -> 0.098015139 | S82: Fungemia | T82: 0.431 | U82: 0.43183635 | V82: 0.43267432 | W82: 0.43351391 | X82: 0.43435514 | Y82: 0.43519799 | Z82: 0.43604249 | AA82: 0.43688862 | AB82: 0.43773639 | AC82: 0.43858581 | AD82: 0.43943688 | AE82: 0.4402896 | AF82: 0.44114397 | AG82: 0.442
B83: Mycobacterial Infection | D83: =D64*T83 -> 32.237806 | E83: =E64*U83 -> 35.635306 | F83: =F64*V83 -> 38.257395 | G83: =G64*W83 -> 41.099376 | H83: =H64*X83 -> 44.181447 | I83: =I64*Y83 -> 47.52578 | J83: =J64*Z83 -> 51.156721 | K83: =K64*AA83 -> 55.101011 | ... Q83: =Q64*AG83 -> 87.212689 | R83: =RATE(12,,-E83,Q83) -> 0.077436287 | S83: Mycobacterial Infection | T83: =1-SUM(T81:T82) -> 0.168 | U83: =1-SUM(U81:U82) -> 0.16551275 | V83: =1-SUM(V81:V82) -> 0.16301708 | W83: =1-SUM(W81:W82) -> 0.16051295 | X83: =1-SUM(X81:X82) -> 0.15800035 | Y83: =1-SUM(Y81:Y82) -> 0.15547923 | Z83: =1-SUM(Z81:Z82) -> 0.15294957 | AA83: =1-SUM(AA81:AA82) -> 0.15041133 | ... AG83: =1-SUM(AG81:AG82) -> 0.135
A86: Japan Blood Culture Test Market
D88: 2023 | E88: 2024 | F88: 2025 | G88: 2026 | H88: 2027 | I88: 2028 | J88: 2029 | K88: 2030 | L88: 2031 | M88: 2032 | N88: 2033 | O88: 2034 | P88: 2035 | Q88: 2036 | R88: CAGR (2024-2036)
D89: ='Market Analysis'!C50 -> 191.8917 | E89: ='Market Analysis'!D50 -> 221.05924 | F89: ='Market Analysis'!E50 -> 254.00481 | G89: ='Market Analysis'!F50 -> 291.12201 | H89: ='Market Analysis'!G50 -> 332.83324 | I89: ='Market Analysis'!H50 -> 379.59055 | J89: ='Market Analysis'!I50 -> 431.87626 | K89: ='Market Analysis'!J50 -> 490.20354 | ... Q89: ='Market Analysis'!P50 -> 999.73943 | R89: =RATE(12,,-E89,Q89) -> 0.13400468 | T89: 2023 | U89: 2024 | V89: 2025 | W89: 2026 | X89: 2027 | Y89: 2028 | Z89: 2029 | AA89: 2030 | AB89: 2031 | AC89: 2032 | AD89: 2033 | AE89: 2034 | AF89: 2035 | AG89: 2036
A90: Test Type | B90: Phenotypic AST | D90: =D89*T90 -> 107.45935 | E90: =E89*U90 -> 123.9969 | F90: =F89*V90 -> 142.71127 | G90: =G89*W90 -> 163.83455 | H90: =H89*X90 -> 187.61662 | I90: =I89*Y90 -> 214.32565 | J90: =J89*Z90 -> 244.24869 | K90: =K89*AA90 -> 277.69209 | ... Q90: =Q89*AG90 -> 571.95093 | R90: =RATE(12,,-E90,Q90) -> 0.13587095 | S90: Phenotypic AST | T90: 0.56 | U90: 0.56092161 | V90: 0.56184474 | W90: 0.56276939 | X90: 0.56369557 | Y90: 0.56462326 | Z90: 0.56555248 | AA90: 0.56648323 | AB90: 0.56741552 | AC90: 0.56834934 | AD90: 0.56928469 | AE90: 0.57022158 | AF90: 0.57116002 | AG90: 0.5721
B91: Genotypic AST | D91: =D89*T91 -> 84.432348 | E91: =E89*U91 -> 97.062334 | F91: =F89*V91 -> 111.29354 | G91: =G89*W91 -> 127.28745 | H91: =H89*X91 -> 145.21662 | I91: =I89*Y91 -> 165.26489 | J91: =J89*Z91 -> 187.62757 | K91: =K89*AA91 -> 212.51145 | ... Q91: =Q89*AG91 -> 427.7885 | R91: =RATE(12,,-E91,Q91) -> 0.13157028 | S91: Genotypic AST | T91: =1-T90 -> 0.44 | U91: =1-U90 -> 0.43907839 | V91: =1-V90 -> 0.43815526 | W91: =1-W90 -> 0.43723061 | X91: =1-X90 -> 0.43630443 | Y91: =1-Y90 -> 0.43537674 | Z91: =1-Z90 -> 0.43444752 | AA91: =1-AA90 -> 0.43351677 | ... AG91: =1-AG90 -> 0.4279
A93: Product | B93: Instruments | D93: =D89*T93 -> 90.380991 | E93: =E89*U93 -> 103.98286 | F93: =F89*V93 -> 119.32364 | G93: =G89*W93 -> 136.58101 | H93: =H89*X93 -> 155.94517 | I93: =I89*Y93 -> 177.61918 | J93: =J89*Z93 -> 201.8191 | K93: =K89*AA93 -> 228.77422 | ... Q93: =Q89*AG93 -> 462.87936 | R93: =RATE(12,,-E93,Q93) -> 0.13251032 | S93: Instruments | T93: 0.471 | U93: 0.47038462 | V93: 0.46976923 | W93: 0.46915385 | X93: 0.46853846 | Y93: 0.46792308 | Z93: 0.46730769 | AA93: 0.46669231 | AB93: 0.46607692 | AC93: 0.46546154 | AD93: 0.46484615 | AE93: 0.46423077 | AF93: 0.46361538 | AG93: 0.463
B94: Consumables | D94: =D89*T94 -> 101.51071 | E94: =E89*U94 -> 117.07637 | F94: =F89*V94 -> 134.68117 | G94: =G89*W94 -> 154.541 | H94: =H89*X94 -> 176.88807 | I94: =I89*Y94 -> 201.97137 | J94: =J89*Z94 -> 230.05716 | K94: =K89*AA94 -> 261.42932 | ... Q94: =Q89*AG94 -> 536.86007 | R94: =RATE(12,,-E94,Q94) -> 0.13531398 | S94: Consumables | T94: =1-T93 -> 0.529 | U94: =1-U93 -> 0.52961538 | V94: =1-V93 -> 0.53023077 | W94: =1-W93 -> 0.53084615 | X94: =1-X93 -> 0.53146154 | Y94: =1-Y93 -> 0.53207692 | Z94: =1-Z93 -> 0.53269231 | AA94: =1-AA93 -> 0.53330769 | ... AG94: =1-AG93 -> 0.537
A96: Method | B96: Conventional | D96: =D89*T96 -> 76.948572 | E96: =E89*U96 -> 89.009702 | F96: =F89*V96 -> 102.69633 | G96: =G89*W96 -> 118.18771 | H96: =H89*X96 -> 135.67764 | I96: =I89*Y96 -> 155.37506 | J96: =J89*Z96 -> 177.50457 | K96: =K89*AA96 -> 202.30703 | ... Q96: =Q89*AG96 -> 422.88978 | R96: =RATE(12,,-E96,Q96) -> 0.13867334 | S96: Conventional | T96: 0.401 | U96: 0.40265091 | V96: 0.40430861 | W96: 0.40597313 | X96: 0.40764451 | Y96: 0.40932277 | Z96: 0.41100794 | AA96: 0.41270005 | AB96: 0.41439913 | AC96: 0.4161052 | AD96: 0.41781829 | AE96: 0.41953843 | AF96: 0.42126566 | AG96: 0.423
B97: Automated | D97: =D89*T97 -> 114.94313 | E97: =E89*U97 -> 132.04954 | F97: =F89*V97 -> 151.30848 | G97: =G89*W97 -> 172.93429 | H97: =H89*X97 -> 197.1556 | I97: =I89*Y97 -> 224.21549 | J97: =J89*Z97 -> 254.37168 | K97: =K89*AA97 -> 287.89651 | ... Q97: =Q89*AG97 -> 576.84965 | R97: =RATE(12,,-E97,Q97) -> 0.13073407 | S97: Automated | T97: =1-T96 -> 0.599 | U97: =1-U96 -> 0.59734909 | V97: =1-V96 -> 0.59569139 | W97: =1-W96 -> 0.59402687 | X97: =1-X96 -> 0.59235549 | Y97: =1-Y96 -> 0.59067723 | Z97: =1-Z96 -> 0.58899206 | AA97: =1-AA96 -> 0.58729995 | ... AG97: =1-AG96 -> 0.577
A99: Technology | B99: Culture-Based | D99: =D89*T99 -> 47.972925 | E99: =E89*U99 -> 55.608763 | F99: =F89*V99 -> 64.294093 | G99: =G89*W99 -> 74.147877 | H99: =H89*X99 -> 85.299197 | I99: =I89*Y99 -> 97.887717 | J99: =J89*Z99 -> 112.06415 | K99: =K89*AA99 -> 127.99069 | ... Q99: =Q89*AG99 -> 270.92939 | R99: =RATE(12,,-E99,Q99) -> 0.14106243 | S99: Culture-Based | T99: 0.25 | U99: 0.25155594 | V99: 0.25312155 | W99: 0.25469692 | X99: 0.25628209 | Y99: 0.25787712 | Z99: 0.25948208 | AA99: 0.26109703 | AB99: 0.26272203 | AC99: 0.26435714 | AD99: 0.26600243 | AE99: 0.26765796 | AF99: 0.2693238 | AG99: 0.271
B100: Molecular Technology | D100: =D89*T100 -> 72.918846 | E100: =E89*U100 -> 84.20365 | F100: =F89*V100 -> 96.984614 | G100: =G89*W100 -> 111.42293 | H100: =H89*X100 -> 127.69235 | I100: =I89*Y100 -> 145.97962 | J100: =J89*Z100 -> 166.48489 | K100: =K89*AA100 -> 189.42208 | ... Q100: =Q89*AG100 -> 391.89786 | R100: =RATE(12,,-E100,Q100) -> 0.13671999 | S100: Molecular Technology | T100: 0.38 | U100: 0.38090989 | V100: 0.38182196 | W100: 0.38273621 | X100: 0.38365265 | Y100: 0.38457129 | Z100: 0.38549212 | AA100: 0.38641516 | AB100: 0.38734041 | AC100: 0.38826788 | AD100: 0.38919756 | AE100: 0.39012948 | AF100: 0.39106362 | AG100: 0.392
B101: PCR | D101: =D100*T101 -> 25.521596 | E101: =E100*U101 -> 29.419567 | F101: =F100*V101 -> 33.8256 | G101: =G100*W101 -> 38.793107 | H101: =H100*X101 -> 44.379477 | I101: =I100*Y101 -> 50.646197 | J101: =J100*Z101 -> 57.658951 | K101: =K100*AA101 -> 65.487712 | ... Q101: =Q100*AG101 -> 134.06826 | R101: =RATE(12,,-E101,Q101) -> 0.13472548 | S101: PCR | T101: 0.35 | U101: 0.34938588 | V101: 0.34877285 | W101: 0.34816088 | X101: 0.34754999 | Y101: 0.34694018 | Z101: 0.34633143 | AA101: 0.34572375 | AB101: 0.34511714 | AC101: 0.34451159 | AD101: 0.3439071 | AE101: 0.34330368 | AF101: 0.34270131 | AG101: 0.3421
B102: Microarray | D102: =D100*T102 -> 20.417277 | E102: =E100*U102 -> 23.659473 | F102: =F100*V102 -> 27.345956 | G102: =G100*W102 -> 31.526879 | H102: =H100*X102 -> 36.256628 | I102: =I100*Y102 -> 41.594019 | J102: =J100*Z102 -> 47.602482 | K102: =K100*AA102 -> 54.350243 | ... Q102: =Q100*AG102 -> 114.82607 | R102: =RATE(12,,-E102,Q102) -> 0.14069522 | S102: Microarray | T102: 0.28 | U102: 0.28097919 | V102: 0.2819618 | W102: 0.28294785 | X102: 0.28393735 | Y102: 0.2849303 | Z102: 0.28592673 | AA102: 0.28692665 | AB102: 0.28793006 | AC102: 0.28893698 | AD102: 0.28994742 | AE102: 0.2909614 | AF102: 0.29197892 | AG102: 0.293
B103: PNA-FISH | D103: =D100*T103 -> 26.979973 | E103: =E100*U103 -> 31.12461 | F103: =F100*V103 -> 35.813058 | G103: =G100*W103 -> 41.102947 | H103: =H100*X103 -> 47.056249 | I103: =I100*Y103 -> 53.739409 | J103: =J100*Z103 -> 61.223461 | K103: =K100*AA103 -> 69.584125 | ... Q103: =Q100*AG103 -> 143.00353 | R103: =RATE(12,,-E103,Q103) -> 0.13549938 | S103: PNA-FISH | T103: =1-SUM(T101:T102) -> 0.37 | U103: =1-SUM(U101:U102) -> 0.36963493 | V103: =1-SUM(V101:V102) -> 0.36926535 | W103: =1-SUM(W101:W102) -> 0.36889127 | X103: =1-SUM(X101:X102) -> 0.36851266 | Y103: =1-SUM(Y101:Y102) -> 0.36812952 | Z103: =1-SUM(Z101:Z102) -> 0.36774184 | AA103: =1-SUM(AA101:AA102) -> 0.3673496 | ... AG103: =1-SUM(AG101:AG102) -> 0.3649
B104: Proteomic Technologies | D104: =D89*T104 -> 70.999929 | E104: =E89*U104 -> 81.246825 | F104: =F89*V104 -> 92.726104 | G104: =G89*W104 -> 105.5512 | H104: =H89*X104 -> 119.84169 | I104: =I89*Y104 -> 135.72321 | J104: =J89*Z104 -> 153.32721 | K104: =K89*AA104 -> 172.79077 | ... Q104: =Q89*AG104 -> 336.91219 | R104: =RATE(12,,-E104,Q104) -> 0.12583789 | S104: Proteomic Technologies | T104: =1-SUM(T99+T100) -> 0.37 | U104: =1-SUM(U99+U100) -> 0.36753418 | V104: =1-SUM(V99+V100) -> 0.36505649 | W104: =1-SUM(W99+W100) -> 0.36256687 | X104: =1-SUM(X99+X100) -> 0.36006526 | Y104: =1-SUM(Y99+Y100) -> 0.3575516 | Z104: =1-SUM(Z99+Z100) -> 0.3550258 | AA104: =1-SUM(AA99+AA100) -> 0.35248781 | ... AG104: =1-SUM(AG99+AG100) -> 0.337
A106: Application | B106: Bacteremia | D106: =D89*T106 -> 76.948572 | E106: =E89*U106 -> 89.009702 | F106: =F89*V106 -> 102.69633 | G106: =G89*W106 -> 118.18771 | H106: =H89*X106 -> 135.67764 | I106: =I89*Y106 -> 155.37506 | J106: =J89*Z106 -> 177.50457 | K106: =K89*AA106 -> 202.30703 | ... Q106: =Q89*AG106 -> 422.88978 | R106: =RATE(12,,-E106,Q106) -> 0.13867334 | S106: Bacteremia | T106: 0.401 | U106: 0.40265091 | V106: 0.40430861 | W106: 0.40597313 | X106: 0.40764451 | Y106: 0.40932277 | Z106: 0.41100794 | AA106: 0.41270005 | AB106: 0.41439913 | AC106: 0.4161052 | AD106: 0.41781829 | AE106: 0.41953843 | AF106: 0.42126566 | AG106: 0.423
B107: Fungemia | D107: =D89*T107 -> 82.705323 | E107: =E89*U107 -> 95.461414 | F107: =F89*V107 -> 109.90136 | G107: =G89*W107 -> 126.20544 | H107: =H89*X107 -> 144.56783 | I107: =I89*Y107 -> 165.19704 | J107: =J89*Z107 -> 188.3164 | K107: =K89*AA107 -> 214.16435 | ... Q107: =Q89*AG107 -> 441.88483 | R107: =RATE(12,,-E107,Q107) -> 0.13620519 | S107: Fungemia | T107: 0.431 | U107: 0.43183635 | V107: 0.43267432 | W107: 0.43351391 | X107: 0.43435514 | Y107: 0.43519799 | Z107: 0.43604249 | AA107: 0.43688862 | AB107: 0.43773639 | AC107: 0.43858581 | AD107: 0.43943688 | AE107: 0.4402896 | AF107: 0.44114397 | AG107: 0.442
B108: Mycobacterial Infection | D108: =D89*T108 -> 32.237806 | E108: =E89*U108 -> 36.588122 | F108: =F89*V108 -> 41.407122 | G108: =G89*W108 -> 46.728853 | H108: =H89*X108 -> 52.587768 | I108: =I89*Y108 -> 59.018446 | J108: =J89*Z108 -> 66.055287 | K108: =K89*AA108 -> 73.732166 | ... Q108: =Q89*AG108 -> 134.96482 | R108: =RATE(12,,-E108,Q108) -> 0.11491059 | S108: Mycobacterial Infection | T108: =1-SUM(T106:T107) -> 0.168 | U108: =1-SUM(U106:U107) -> 0.16551275 | V108: =1-SUM(V106:V107) -> 0.16301708 | W108: =1-SUM(W106:W107) -> 0.16051295 | X108: =1-SUM(X106:X107) -> 0.15800035 | Y108: =1-SUM(Y106:Y107) -> 0.15547923 | Z108: =1-SUM(Z106:Z107) -> 0.15294957 | AA108: =1-SUM(AA106:AA107) -> 0.15041133 | ... AG108: =1-SUM(AG106:AG107) -> 0.135
A112: Australia Blood Culture Test Market
D114: 2023 | E114: 2024 | F114: 2025 | G114: 2026 | H114: 2027 | I114: 2028 | J114: 2029 | K114: 2030 | L114: 2031 | M114: 2032 | N114: 2033 | O114: 2034 | P114: 2035 | Q114: 2036 | R114: CAGR (2024-2036)
D115: ='Market Analysis'!C52 -> 102.34224 | E115: ='Market Analysis'!D52 -> 116.15844 | F115: ='Market Analysis'!E52 -> 131.58495 | G115: ='Market Analysis'!F52 -> 149.16685 | H115: ='Market Analysis'!G52 -> 169.21964 | I115: ='Market Analysis'!H52 -> 192.10703 | J115: ='Market Analysis'!I52 -> 218.24859 | K115: ='Market Analysis'!J52 -> 248.12873 | ... Q115: ='Market Analysis'!P52 -> 544.24217 | R115: =RATE(12,,-E115,Q115) -> 0.13735258 | T115: 2023 | U115: 2024 | V115: 2025 | W115: 2026 | X115: 2027 | Y115: 2028 | Z115: 2029 | AA115: 2030 | AB115: 2031 | AC115: 2032 | AD115: 2033 | AE115: 2034 | AF115: 2035 | AG115: 2036
A116: Test Type | B116: Phenotypic AST | D116: =D115*T116 -> 57.311654 | E116: =E115*U116 -> 65.155781 | F116: =F115*V116 -> 73.930312 | G116: =G115*W116 -> 83.946539 | H116: =H115*X116 -> 95.388363 | I116: =I115*Y116 -> 108.4681 | J116: =J115*Z116 -> 123.43103 | K116: =K115*AA116 -> 140.56076 | ... Q116: =Q115*AG116 -> 311.36094 | R116: =RATE(12,,-E116,Q116) -> 0.13922437 | S116: Phenotypic AST | T116: 0.56 | U116: 0.56092161 | V116: 0.56184474 | W116: 0.56276939 | X116: 0.56369557 | Y116: 0.56462326 | Z116: 0.56555248 | AA116: 0.56648323 | AB116: 0.56741552 | AC116: 0.56834934 | AD116: 0.56928469 | AE116: 0.57022158 | AF116: 0.57116002 | AG116: 0.5721
B117: Genotypic AST | D117: =D115*T117 -> 45.030586 | E117: =E115*U117 -> 51.002661 | F117: =F115*V117 -> 57.654637 | G117: =G115*W117 -> 65.220313 | H117: =H115*X117 -> 73.831281 | I117: =I115*Y117 -> 83.638932 | J117: =J115*Z117 -> 94.817558 | K117: =K115*AA117 -> 107.56796 | ... Q117: =Q115*AG117 -> 232.88122 | R117: =RATE(12,,-E117,Q117) -> 0.13491099 | S117: Genotypic AST | T117: =1-T116 -> 0.44 | U117: =1-U116 -> 0.43907839 | V117: =1-V116 -> 0.43815526 | W117: =1-W116 -> 0.43723061 | X117: =1-X116 -> 0.43630443 | Y117: =1-Y116 -> 0.43537674 | Z117: =1-Z116 -> 0.43444752 | AA117: =1-AA116 -> 0.43351677 | ... AG117: =1-AG116 -> 0.4279
A119: Product | B119: Instruments | D119: =D115*T119 -> 48.203195 | E119: =E115*U119 -> 54.639144 | F119: =F115*V119 -> 61.81456 | G119: =G115*W119 -> 69.982202 | H119: =H115*X119 -> 79.285912 | I119: =I115*Y119 -> 89.891312 | J119: =J115*Z119 -> 101.98925 | K119: =K115*AA119 -> 115.79977 | ... Q119: =Q115*AG119 -> 251.98412 | R119: =RATE(12,,-E119,Q119) -> 0.13585381 | S119: Instruments | T119: 0.471 | U119: 0.47038462 | V119: 0.46976923 | W119: 0.46915385 | X119: 0.46853846 | Y119: 0.46792308 | Z119: 0.46730769 | AA119: 0.46669231 | AB119: 0.46607692 | AC119: 0.46546154 | AD119: 0.46484615 | AE119: 0.46423077 | AF119: 0.46361538 | AG119: 0.463
B120: Consumables | D120: =D115*T120 -> 54.139045 | E120: =E115*U120 -> 61.519298 | F120: =F115*V120 -> 69.770389 | G120: =G115*W120 -> 79.18465 | H120: =H115*X120 -> 89.933732 | I120: =I115*Y120 -> 102.21572 | J120: =J115*Z120 -> 116.25935 | K120: =K115*AA120 -> 132.32896 | ... Q120: =Q115*AG120 -> 292.25804 | R120: =RATE(12,,-E120,Q120) -> 0.13866575 | S120: Consumables | T120: =1-T119 -> 0.529 | U120: =1-U119 -> 0.52961538 | V120: =1-V119 -> 0.53023077 | W120: =1-W119 -> 0.53084615 | X120: =1-X119 -> 0.53146154 | Y120: =1-Y119 -> 0.53207692 | Z120: =1-Z119 -> 0.53269231 | AA120: =1-AA119 -> 0.53330769 | ... AG120: =1-AG119 -> 0.537
A122: Method | B122: Conventional | D122: =D115*T122 -> 41.039238 | E122: =E115*U122 -> 46.771302 | F122: =F115*V122 -> 53.200927 | G122: =G115*W122 -> 60.557734 | H122: =H115*X122 -> 68.98146 | I122: =I115*Y122 -> 78.633782 | J122: =J115*Z122 -> 89.701905 | K122: =K115*AA122 -> 102.40274 | ... Q122: =Q115*AG122 -> 230.21444 | R122: =RATE(12,,-E122,Q122) -> 0.14203503 | S122: Conventional | T122: 0.401 | U122: 0.40265091 | V122: 0.40430861 | W122: 0.40597313 | X122: 0.40764451 | Y122: 0.40932277 | Z122: 0.41100794 | AA122: 0.41270005 | AB122: 0.41439913 | AC122: 0.4161052 | AD122: 0.41781829 | AE122: 0.41953843 | AF122: 0.42126566 | AG122: 0.423
B123: Automated | D123: =D115*T123 -> 61.303002 | E123: =E115*U123 -> 69.38714 | F123: =F115*V123 -> 78.384021 | G123: =G115*W123 -> 88.609117 | H123: =H115*X123 -> 100.23818 | I123: =I115*Y123 -> 113.47325 | J123: =J115*Z123 -> 128.54669 | K123: =K115*AA123 -> 145.72599 | ... Q123: =Q115*AG123 -> 314.02773 | R123: =RATE(12,,-E123,Q123) -> 0.13407232 | S123: Automated | T123: =1-T122 -> 0.599 | U123: =1-U122 -> 0.59734909 | V123: =1-V122 -> 0.59569139 | W123: =1-W122 -> 0.59402687 | X123: =1-X122 -> 0.59235549 | Y123: =1-Y122 -> 0.59067723 | Z123: =1-Z122 -> 0.58899206 | AA123: =1-AA122 -> 0.58729995 | ... AG123: =1-AG122 -> 0.577
A125: Technology | B125: Culture-Based | D125: =D115*T125 -> 25.58556 | E125: =E115*U125 -> 29.220346 | F125: =F115*V125 -> 33.306987 | G125: =G115*W125 -> 37.992337 | H125: =H115*X125 -> 43.367963 | I125: =I115*Y125 -> 49.540007 | J125: =J115*Z125 -> 56.631598 | K125: =K115*AA125 -> 64.785674 | ... Q125: =Q115*AG125 -> 147.48963 | R125: =RATE(12,,-E125,Q125) -> 0.14443117 | S125: Culture-Based | T125: 0.25 | U125: 0.25155594 | V125: 0.25312155 | W125: 0.25469692 | X125: 0.25628209 | Y125: 0.25787712 | Z125: 0.25948208 | AA125: 0.26109703 | AB125: 0.26272203 | AC125: 0.26435714 | AD125: 0.26600243 | AE125: 0.26765796 | AF125: 0.2693238 | AG125: 0.271
B126: Molecular Technology | D126: =D115*T126 -> 38.890051 | E126: =E115*U126 -> 44.245899 | F126: =F115*V126 -> 50.242023 | G126: =G115*W126 -> 57.091555 | H126: =H115*X126 -> 64.921565 | I126: =I115*Y126 -> 73.878847 | J126: =J115*Z126 -> 84.133112 | K126: =K115*AA126 -> 95.880702 | ... Q126: =Q115*AG126 -> 213.34293 | R126: =RATE(12,,-E126,Q126) -> 0.14007591 | S126: Molecular Technology | T126: 0.38 | U126: 0.38090989 | V126: 0.38182196 | W126: 0.38273621 | X126: 0.38365265 | Y126: 0.38457129 | Z126: 0.38549212 | AA126: 0.38641516 | AB126: 0.38734041 | AC126: 0.38826788 | AD126: 0.38919756 | AE126: 0.39012948 | AF126: 0.39106362 | AG126: 0.392
B127: PCR | D127: =D126*T127 -> 13.611518 | E127: =E126*U127 -> 15.458893 | F127: =F126*V127 -> 17.523053 | G127: =G126*W127 -> 19.877046 | H127: =H126*X127 -> 22.563489 | I127: =I126*Y127 -> 25.63154 | J127: =J126*Z127 -> 29.137941 | K127: =K126*AA127 -> 33.148236 | ... Q127: =Q126*AG127 -> 72.984616 | R127: =RATE(12,,-E127,Q127) -> 0.13807551 | S127: PCR | T127: 0.35 | U127: 0.34938588 | V127: 0.34877285 | W127: 0.34816088 | X127: 0.34754999 | Y127: 0.34694018 | Z127: 0.34633143 | AA127: 0.34572375 | AB127: 0.34511714 | AC127: 0.34451159 | AD127: 0.3439071 | AE127: 0.34330368 | AF127: 0.34270131 | AG127: 0.3421
B128: Microarray | D128: =D126*T128 -> 10.889214 | E128: =E126*U128 -> 12.432177 | F128: =F126*V128 -> 14.166331 | G128: =G126*W128 -> 16.153933 | H128: =H126*X128 -> 18.433657 | I128: =I126*Y128 -> 21.050322 | J128: =J126*Z128 -> 24.055906 | K128: =K126*AA128 -> 27.510729 | ... Q128: =Q126*AG128 -> 62.509478 | R128: =RATE(12,,-E128,Q128) -> 0.14406287 | S128: Microarray | T128: 0.28 | U128: 0.28097919 | V128: 0.2819618 | W128: 0.28294785 | X128: 0.28393735 | Y128: 0.2849303 | Z128: 0.28592673 | AA128: 0.28692665 | AB128: 0.28793006 | AC128: 0.28893698 | AD128: 0.28994742 | AE128: 0.2909614 | AF128: 0.29197892 | AG128: 0.293
B129: PNA-FISH | D129: =D126*T129 -> 14.389319 | E129: =E126*U129 -> 16.35483 | F129: =F126*V129 -> 18.552638 | G129: =G126*W129 -> 21.060576 | H129: =H126*X129 -> 23.924419 | I129: =I126*Y129 -> 27.196985 | J129: =J126*Z129 -> 30.939265 | K129: =K126*AA129 -> 35.221738 | ... Q129: =Q126*AG129 -> 77.848835 | R129: =RATE(12,,-E129,Q129) -> 0.1388517 | S129: PNA-FISH | T129: =1-SUM(T127:T128) -> 0.37 | U129: =1-SUM(U127:U128) -> 0.36963493 | V129: =1-SUM(V127:V128) -> 0.36926535 | W129: =1-SUM(W127:W128) -> 0.36889127 | X129: =1-SUM(X127:X128) -> 0.36851266 | Y129: =1-SUM(Y127:Y128) -> 0.36812952 | Z129: =1-SUM(Z127:Z128) -> 0.36774184 | AA129: =1-SUM(AA127:AA128) -> 0.3673496 | ... AG129: =1-SUM(AG127:AG128) -> 0.3649
B130: Proteomic Technologies | D130: =D115*T130 -> 37.866629 | E130: =E115*U130 -> 42.692197 | F130: =F115*V130 -> 48.035939 | G130: =G115*W130 -> 54.082959 | H130: =H115*X130 -> 60.930116 | I130: =I115*Y130 -> 68.688175 | J130: =J115*Z130 -> 77.48388 | K130: =K115*AA130 -> 87.462352 | ... Q130: =Q115*AG130 -> 183.40961 | R130: =RATE(12,,-E130,Q130) -> 0.12916168 | S130: Proteomic Technologies | T130: =1-SUM(T125+T126) -> 0.37 | U130: =1-SUM(U125+U126) -> 0.36753418 | V130: =1-SUM(V125+V126) -> 0.36505649 | W130: =1-SUM(W125+W126) -> 0.36256687 | X130: =1-SUM(X125+X126) -> 0.36006526 | Y130: =1-SUM(Y125+Y126) -> 0.3575516 | Z130: =1-SUM(Z125+Z126) -> 0.3550258 | AA130: =1-SUM(AA125+AA126) -> 0.35248781 | ... AG130: =1-SUM(AG125+AG126) -> 0.337
A132: Application | B132: Bacteremia | D132: =D115*T132 -> 41.039238 | E132: =E115*U132 -> 46.771302 | F132: =F115*V132 -> 53.200927 | G132: =G115*W132 -> 60.557734 | H132: =H115*X132 -> 68.98146 | I132: =I115*Y132 -> 78.633782 | J132: =J115*Z132 -> 89.701905 | K132: =K115*AA132 -> 102.40274 | ... Q132: =Q115*AG132 -> 230.21444 | R132: =RATE(12,,-E132,Q132) -> 0.14203503 | S132: Bacteremia | T132: 0.401 | U132: 0.40265091 | V132: 0.40430861 | W132: 0.40597313 | X132: 0.40764451 | Y132: 0.40932277 | Z132: 0.41100794 | AA132: 0.41270005 | AB132: 0.41439913 | AC132: 0.4161052 | AD132: 0.41781829 | AE132: 0.41953843 | AF132: 0.42126566 | AG132: 0.423
B133: Fungemia | D133: =D115*T133 -> 44.109505 | E133: =E115*U133 -> 50.161437 | F133: =F115*V133 -> 56.933428 | G133: =G115*W133 -> 64.665905 | H133: =H115*X133 -> 73.501422 | I133: =I115*Y133 -> 83.604594 | J133: =J115*Z133 -> 95.165658 | K133: =K115*AA133 -> 108.40462 | ... Q133: =Q115*AG133 -> 240.55504 | R133: =RATE(12,,-E133,Q133) -> 0.13955959 | S133: Fungemia | T133: 0.431 | U133: 0.43183635 | V133: 0.43267432 | W133: 0.43351391 | X133: 0.43435514 | Y133: 0.43519799 | Z133: 0.43604249 | AA133: 0.43688862 | AB133: 0.43773639 | AC133: 0.43858581 | AD133: 0.43943688 | AE133: 0.4402896 | AF133: 0.44114397 | AG133: 0.442
B134: Mycobacterial Infection | D134: =D115*T134 -> 17.193496 | E134: =E115*U134 -> 19.225703 | F134: =F115*V134 -> 21.450594 | G134: =G115*W134 -> 23.943212 | H134: =H115*X134 -> 26.736763 | I134: =I115*Y134 -> 29.868653 | J134: =J115*Z134 -> 33.381028 | K134: =K115*AA134 -> 37.321372 | ... Q134: =Q115*AG134 -> 73.472693 | R134: =RATE(12,,-E134,Q134) -> 0.11820212 | S134: Mycobacterial Infection | T134: =1-SUM(T132:T133) -> 0.168 | U134: =1-SUM(U132:U133) -> 0.16551275 | V134: =1-SUM(V132:V133) -> 0.16301708 | W134: =1-SUM(W132:W133) -> 0.16051295 | X134: =1-SUM(X132:X133) -> 0.15800035 | Y134: =1-SUM(Y132:Y133) -> 0.15547923 | Z134: =1-SUM(Z132:Z133) -> 0.15294957 | AA134: =1-SUM(AA132:AA133) -> 0.15041133 | ... AG134: =1-SUM(AG132:AG133) -> 0.135
A137: Rest of APAC Blood Culture Test Market
D139: 2023 | E139: 2024 | F139: 2025 | G139: 2026 | H139: 2027 | I139: 2028 | J139: 2029 | K139: 2030 | L139: 2031 | M139: 2032 | N139: 2033 | O139: 2034 | P139: 2035 | Q139: 2036 | R139: CAGR (2024-2036)
D140: ='Market Analysis'!C54 -> 447.7473 | E140: ='Market Analysis'!D54 -> 487.59681 | F140: ='Market Analysis'!E54 -> 541.78368 | G140: ='Market Analysis'!F54 -> 601.52493 | H140: ='Market Analysis'!G54 -> 667.33876 | I140: ='Market Analysis'!H54 -> 739.78654 | J140: ='Market Analysis'!I54 -> 819.4759 | K140: ='Market Analysis'!J54 -> 907.06404 | ... Q140: ='Market Analysis'!P54 -> 1642.4358 | R140: =RATE(12,,-E140,Q140) -> 0.10650224 | T140: 2023 | U140: 2024 | V140: 2025 | W140: 2026 | X140: 2027 | Y140: 2028 | Z140: 2029 | AA140: 2030 | AB140: 2031 | AC140: 2032 | AD140: 2033 | AE140: 2034 | AF140: 2035 | AG140: 2036
A141: Test Type | B141: Phenotypic AST | D141: =D140*T141 -> 250.73849 | E141: =E140*U141 -> 273.50359 | F141: =F140*V141 -> 304.39831 | G141: =G140*W141 -> 338.51982 | H141: =H140*X141 -> 376.1759 | I141: =I140*Y141 -> 417.70069 | J141: =J140*Z141 -> 463.45663 | K141: =K140*AA141 -> 513.83657 | ... Q141: =Q140*AG141 -> 939.63755 | R141: =RATE(12,,-E141,Q141) -> 0.10832325 | S141: Phenotypic AST | T141: 0.56 | U141: 0.56092161 | V141: 0.56184474 | W141: 0.56276939 | X141: 0.56369557 | Y141: 0.56462326 | Z141: 0.56555248 | AA141: 0.56648323 | AB141: 0.56741552 | AC141: 0.56834934 | AD141: 0.56928469 | AE141: 0.57022158 | AF141: 0.57116002 | AG141: 0.5721
B142: Genotypic AST | D142: =D140*T142 -> 197.00881 | E142: =E140*U142 -> 214.09322 | F142: =F140*V142 -> 237.38537 | G142: =G140*W142 -> 263.00511 | H142: =H140*X142 -> 291.16286 | I142: =I140*Y142 -> 322.08585 | J142: =J140*Z142 -> 356.01927 | K142: =K140*AA142 -> 393.22747 | ... Q142: =Q140*AG142 -> 702.7983 | R142: =RATE(12,,-E142,Q142) -> 0.10412688 | S142: Genotypic AST | T142: =1-T141 -> 0.44 | U142: =1-U141 -> 0.43907839 | V142: =1-V141 -> 0.43815526 | W142: =1-W141 -> 0.43723061 | X142: =1-X141 -> 0.43630443 | Y142: =1-Y141 -> 0.43537674 | Z142: =1-Z141 -> 0.43444752 | AA142: =1-AA141 -> 0.43351677 | ... AG142: =1-AG141 -> 0.4279
A144: Product | B144: Instruments | D144: =D140*T144 -> 210.88898 | E144: =E140*U144 -> 229.35804 | F144: =F140*V144 -> 254.5133 | G144: =G140*W144 -> 282.20773 | H144: =H140*X144 -> 312.67388 | I144: =I140*Y144 -> 346.1632 | J144: =J140*Z144 -> 382.94739 | K144: =K140*AA144 -> 423.31981 | ... Q144: =Q140*AG144 -> 760.4478 | R144: =RATE(12,,-E144,Q144) -> 0.10504413 | S144: Instruments | T144: 0.471 | U144: 0.47038462 | V144: 0.46976923 | W144: 0.46915385 | X144: 0.46853846 | Y144: 0.46792308 | Z144: 0.46730769 | AA144: 0.46669231 | AB144: 0.46607692 | AC144: 0.46546154 | AD144: 0.46484615 | AE144: 0.46423077 | AF144: 0.46361538 | AG144: 0.463
B145: Consumables | D145: =D140*T145 -> 236.85832 | E145: =E140*U145 -> 258.23877 | F145: =F140*V145 -> 287.27038 | G145: =G140*W145 -> 319.31719 | H145: =H140*X145 -> 354.66488 | I145: =I140*Y145 -> 393.62335 | J145: =J140*Z145 -> 436.52851 | K145: =K140*AA145 -> 483.74423 | ... Q145: =Q140*AG145 -> 881.98805 | R145: =RATE(12,,-E145,Q145) -> 0.10777979 | S145: Consumables | T145: =1-T144 -> 0.529 | U145: =1-U144 -> 0.52961538 | V145: =1-V144 -> 0.53023077 | W145: =1-W144 -> 0.53084615 | X145: =1-X144 -> 0.53146154 | Y145: =1-Y144 -> 0.53207692 | Z145: =1-Z144 -> 0.53269231 | AA145: =1-AA144 -> 0.53330769 | ... AG145: =1-AG144 -> 0.537
A147: Method | B147: Conventional | D147: =D140*T147 -> 179.54667 | E147: =E140*U147 -> 196.3313 | F147: =F140*V147 -> 219.0478 | G147: =G140*W147 -> 244.20296 | H147: =H140*X147 -> 272.03698 | I147: =I140*Y147 -> 302.81148 | J147: =J140*Z147 -> 336.81111 | K147: =K140*AA147 -> 374.34538 | ... Q147: =Q140*AG147 -> 694.75036 | R147: =RATE(12,,-E147,Q147) -> 0.11105768 | S147: Conventional | T147: 0.401 | U147: 0.40265091 | V147: 0.40430861 | W147: 0.40597313 | X147: 0.40764451 | Y147: 0.40932277 | Z147: 0.41100794 | AA147: 0.41270005 | AB147: 0.41439913 | AC147: 0.4161052 | AD147: 0.41781829 | AE147: 0.41953843 | AF147: 0.42126566 | AG147: 0.423
B148: Automated | D148: =D140*T148 -> 268.20063 | E148: =E140*U148 -> 291.26551 | F148: =F140*V148 -> 322.73587 | G148: =G140*W148 -> 357.32197 | H148: =H140*X148 -> 395.30178 | I148: =I140*Y148 -> 436.97506 | J148: =J140*Z148 -> 482.6648 | K148: =K140*AA148 -> 532.71866 | ... Q148: =Q140*AG148 -> 947.68548 | R148: =RATE(12,,-E148,Q148) -> 0.10331095 | S148: Automated | T148: =1-T147 -> 0.599 | U148: =1-U147 -> 0.59734909 | V148: =1-V147 -> 0.59569139 | W148: =1-W147 -> 0.59402687 | X148: =1-X147 -> 0.59235549 | Y148: =1-Y147 -> 0.59067723 | Z148: =1-Z147 -> 0.58899206 | AA148: =1-AA147 -> 0.58729995 | ... AG148: =1-AG147 -> 0.577
A150: Technology | B150: Culture-Based | D150: =D140*T150 -> 111.93682 | E150: =E140*U150 -> 122.65787 | F150: =F140*V150 -> 137.13713 | G150: =G140*W150 -> 153.20654 | H150: =H140*X150 -> 171.02697 | I150: =I140*Y150 -> 190.77402 | J150: =J140*Z150 -> 212.63931 | K150: =K140*AA150 -> 236.83173 | ... Q150: =Q140*AG150 -> 445.10011 | R150: =RATE(12,,-E150,Q150) -> 0.11338882 | S150: Culture-Based | T150: 0.25 | U150: 0.25155594 | V150: 0.25312155 | W150: 0.25469692 | X150: 0.25628209 | Y150: 0.25787712 | Z150: 0.25948208 | AA150: 0.26109703 | AB150: 0.26272203 | AC150: 0.26435714 | AD150: 0.26600243 | AE150: 0.26765796 | AF150: 0.2693238 | AG150: 0.271
...

Sheet MEA
A2: MEA Blood Culture Test Market, 2023-36 (USD Million)
D12: 2023 | E12: 2024 | F12: 2025 | G12: 2026 | H12: 2027 | I12: 2028 | J12: 2029 | K12: 2030 | L12: 2031 | M12: 2032 | N12: 2033 | O12: 2034 | P12: 2035 | Q12: 2036 | R12: CAGR (2024-2036)
D13: =D38+D64+D89+D115 -> 284.284 | E13: =E38+E64+E89+E115 -> 307.08358 | F13: =F38+F64+F89+F115 -> 324.44817 | G13: =G38+G64+G89+G115 -> 342.9758 | H13: =H38+H64+H89+H115 -> 362.75617 | I13: =I38+I64+I89+I115 -> 383.88681 | J13: =J38+J64+J89+J115 -> 406.47385 | K13: =K38+K64+K89+K115 -> 430.63285 | ... Q13: =Q38+Q64+Q89+Q115 -> 616.51802 | R13: =RATE(12,,-E13,Q13) -> 0.059800448 | T13: 2023 | U13: 2024 | V13: 2025 | W13: 2026 | X13: 2027 | Y13: 2028 | Z13: 2029 | AA13: 2030 | AB13: 2031 | AC13: 2032 | AD13: 2033 | AE13: 2034 | AF13: 2035 | AG13: 2036
A14: Test Type | B14: Phenotypic AST | D14: =D39+D65 -> 47.759712 | E14: =E39+E65 -> 53.834047 | F14: =F39+F65 -> 57.077171 | G14: =G39+G65 -> 60.546474 | H14: =H39+H65 -> 64.25974 | I14: =I39+I65 -> 68.236307 | J14: =J39+J65 -> 72.497218 | K14: =K39+K65 -> 77.065388 | ... Q14: =Q39+Q65 -> 112.49631 | R14: =RATE(12,,-E14,Q14) -> 0.063343148 | S14: Phenotypic AST | T14: 0.56 | U14: 0.56092161 | V14: 0.56184474 | W14: 0.56276939 | X14: 0.56369557 | Y14: 0.56462326 | Z14: 0.56555248 | AA14: 0.56648323 | AB14: 0.56741552 | AC14: 0.56834934 | AD14: 0.56928469 | AE14: 0.57022158 | AF14: 0.57116002 | AG14: 0.5721
B15: Genotypic AST | D15: =D40+D66 -> 37.525488 | E15: =E40+E66 -> 42.140231 | F15: =F40+F66 -> 44.511696 | G15: =G40+G66 -> 47.040176 | H15: =H40+H66 -> 49.737502 | I15: =I40+I66 -> 52.616502 | J15: =J40+J66 -> 55.691094 | K15: =K40+K66 -> 58.976393 | ... Q15: =Q40+Q66 -> 84.141182 | R15: =RATE(12,,-E15,Q15) -> 0.05931708 | S15: Genotypic AST | T15: =1-T14 -> 0.44 | U15: =1-U14 -> 0.43907839 | V15: =1-V14 -> 0.43815526 | W15: =1-W14 -> 0.43723061 | X15: =1-X14 -> 0.43630443 | Y15: =1-Y14 -> 0.43537674 | Z15: =1-Z14 -> 0.43444752 | AA15: =1-AA14 -> 0.43351677 | ... AG15: =1-AG14 -> 0.4279
A17: Product | B17: Instruments | D17: =D42+D68 -> 40.169329 | E17: =E42+E68 -> 45.144824 | F17: =F42+F68 -> 47.723324 | G17: =G42+G68 -> 50.474691 | H17: =H42+H68 -> 53.412092 | I17: =I42+I68 -> 56.549818 | J17: =J42+J68 -> 59.903384 | K17: =K42+K68 -> 63.489653 | ... Q17: =Q42+Q68 -> 91.043158 | R17: =RATE(12,,-E17,Q17) -> 0.060197101 | S17: Instruments | T17: 0.471 | U17: 0.47038462 | V17: 0.46976923 | W17: 0.46915385 | X17: 0.46853846 | Y17: 0.46792308 | Z17: 0.46730769 | AA17: 0.46669231 | AB17: 0.46607692 | AC17: 0.46546154 | AD17: 0.46484615 | AE17: 0.46423077 | AF17: 0.46361538 | AG17: 0.463
B18: Consumables | D18: =D43+D69 -> 45.115871 | E18: =E43+E69 -> 50.829454 | F18: =F43+F69 -> 53.865543 | G18: =G43+G69 -> 57.11196 | H18: =H43+H69 -> 60.58515 | I18: =I43+I69 -> 64.30299 | J18: =J43+J69 -> 68.284928 | K18: =K43+K69 -> 72.552128 | ... Q18: =Q43+Q69 -> 105.59433 | R18: =RATE(12,,-E18,Q18) -> 0.062821742 | S18: Consumables | T18: =1-T17 -> 0.529 | U18: =1-U17 -> 0.52961538 | V18: =1-V17 -> 0.53023077 | W18: =1-W17 -> 0.53084615 | X18: =1-X17 -> 0.53146154 | Y18: =1-Y17 -> 0.53207692 | Z18: =1-Z17 -> 0.53269231 | AA18: =1-AA17 -> 0.53330769 | ... AG18: =1-AG17 -> 0.537
A20: Method | B20: Conventional | D20: =D45+D71 -> 34.199365 | E20: =E45+E71 -> 38.64413 | F20: =F45+F71 -> 41.073253 | G20: =G45+G71 -> 43.67729 | H20: =H45+H71 -> 46.47035 | I20: =I45+I71 -> 49.467807 | J20: =J45+J71 -> 52.686415 | K20: =K45+K71 -> 56.14445 | ... Q20: =Q45+Q71 -> 83.177659 | R20: =RATE(12,,-E20,Q20) -> 0.065966598 | S20: Conventional | T20: 0.401 | U20: 0.40265091 | V20: 0.40430861 | W20: 0.40597313 | X20: 0.40764451 | Y20: 0.40932277 | Z20: 0.41100794 | AA20: 0.41270005 | AB20: 0.41439913 | AC20: 0.4161052 | AD20: 0.41781829 | AE20: 0.41953843 | AF20: 0.42126566 | AG20: 0.423
B21: Automated | D21: =D46+D72 -> 51.085835 | E21: =E46+E72 -> 57.330148 | F21: =F46+F72 -> 60.515614 | G21: =G46+G72 -> 63.909361 | H21: =H46+H72 -> 67.526892 | I21: =I46+I72 -> 71.385002 | J21: =J46+J72 -> 75.501898 | K21: =K46+K72 -> 79.897331 | ... Q21: =Q46+Q72 -> 113.45983 | R21: =RATE(12,,-E21,Q21) -> 0.05853427 | S21: Automated | T21: =1-T20 -> 0.599 | U21: =1-U20 -> 0.59734909 | V21: =1-V20 -> 0.59569139 | W21: =1-W20 -> 0.59402687 | X21: =1-X20 -> 0.59235549 | Y21: =1-Y20 -> 0.59067723 | Z21: =1-Z20 -> 0.58899206 | AA21: =1-AA20 -> 0.58729995 | ... AG21: =1-AG20 -> 0.577
A23: Technology | B23: Culture-Based | D23: =D48+D74 -> 21.3213 | E23: =E48+E74 -> 24.142899 | F23: =F48+F74 -> 25.714332 | G23: =G48+G74 -> 27.401988 | H23: =H48+H74 -> 29.215451 | I23: =I48+I74 -> 31.165174 | J23: =J48+J74 -> 33.26257 | K23: =K48+K74 -> 35.520105 | ... Q23: =Q48+Q74 -> 53.28876 | R23: =RATE(12,,-E23,Q23) -> 0.068203137 | S23: Culture-Based | T23: 0.25 | U23: 0.25155594 | V23: 0.25312155 | W23: 0.25469692 | X23: 0.25628209 | Y23: 0.25787712 | Z23: 0.25948208 | AA23: 0.26109703 | AB23: 0.26272203 | AC23: 0.26435714 | AD23: 0.26600243 | AE23: 0.26765796 | AF23: 0.2693238 | AG23: 0.271
B24: Molecular Technology | D24: =D49+D75 -> 32.408376 | E24: =E49+E75 -> 36.557552 | F24: =F49+F75 -> 38.78886 | G24: =G49+G75 -> 41.177307 | H24: =H49+H75 -> 43.735344 | I24: =I49+I75 -> 46.47652 | J24: =J49+J75 -> 49.415584 | K24: =K49+K75 -> 52.568607 | ... Q24: =Q49+Q75 -> 77.081896 | R24: =RATE(12,,-E24,Q24) -> 0.064137972 | S24: Molecular Technology | T24: 0.38 | U24: 0.38090989 | V24: 0.38182196 | W24: 0.38273621 | X24: 0.38365265 | Y24: 0.38457129 | Z24: 0.38549212 | AA24: 0.38641516 | AB24: 0.38734041 | AC24: 0.38826788 | AD24: 0.38919756 | AE24: 0.39012948 | AF24: 0.39106362 | AG24: 0.392
B25: PCR | D25: =D50+D76 -> 11.342932 | E25: =E50+E76 -> 12.772693 | F25: =F50+F76 -> 13.528501 | G25: =G50+G76 -> 14.336327 | H25: =H50+H76 -> 15.200219 | I25: =I50+I76 -> 16.124572 | J25: =J50+J76 -> 17.11417 | K25: =K50+K76 -> 18.174216 | ... Q25: =Q50+Q76 -> 26.369717 | R25: =RATE(12,,-E25,Q25) -> 0.062270817 | S25: PCR | T25: 0.35 | U25: 0.34938588 | V25: 0.34877285 | W25: 0.34816088 | X25: 0.34754999 | Y25: 0.34694018 | Z25: 0.34633143 | AA25: 0.34572375 | AB25: 0.34511714 | AC25: 0.34451159 | AD25: 0.3439071 | AE25: 0.34330368 | AF25: 0.34270131 | AG25: 0.3421
B26: Microarray | D26: =D51+D77 -> 9.0743453 | E26: =E51+E77 -> 10.271911 | F26: =F51+F77 -> 10.936977 | G26: =G51+G77 -> 11.65103 | H26: =H51+H77 -> 12.418098 | I26: =I51+I77 -> 13.242569 | J26: =J51+J77 -> 14.129237 | K26: =K51+K77 -> 15.083334 | ... Q26: =Q51+Q77 -> 22.584996 | R26: =RATE(12,,-E26,Q26) -> 0.06785937 | S26: Microarray | T26: 0.28 | U26: 0.28097919 | V26: 0.2819618 | W26: 0.28294785 | X26: 0.28393735 | Y26: 0.2849303 | Z26: 0.28592673 | AA26: 0.28692665 | AB26: 0.28793006 | AC26: 0.28893698 | AD26: 0.28994742 | AE26: 0.2909614 | AF26: 0.29197892 | AG26: 0.293
B27: PNA-FISH | D27: =D52+D78 -> 11.991099 | E27: =E52+E78 -> 13.512948 | F27: =F52+F78 -> 14.323382 | G27: =G52+G78 -> 15.189949 | H27: =H52+H78 -> 16.117028 | I27: =I52+I78 -> 17.109379 | J27: =J52+J78 -> 18.172178 | K27: =K52+K78 -> 19.311057 | ... Q27: =Q52+Q78 -> 28.127184 | R27: =RATE(12,,-E27,Q27) -> 0.062995303 | S27: PNA-FISH | T27: =1-SUM(T25:T26) -> 0.37 | U27: =1-SUM(U25:U26) -> 0.36963493 | V27: =1-SUM(V25:V26) -> 0.36926535 | W27: =1-SUM(W25:W26) -> 0.36889127 | X27: =1-SUM(X25:X26) -> 0.36851266 | Y27: =1-SUM(Y25:Y26) -> 0.36812952 | Z27: =1-SUM(Z25:Z26) -> 0.36774184 | AA27: =1-SUM(AA25:AA26) -> 0.3673496 | ... AG27: =1-SUM(AG25:AG26) -> 0.3649
B28: Proteomic Technologies | D28: =D53+D79 -> 31.555524 | E28: =E53+E79 -> 35.273827 | F28: =F53+F79 -> 37.085675 | G28: =G53+G79 -> 39.007355 | H28: =H53+H79 -> 41.046447 | I28: =I53+I79 -> 43.211114 | J28: =J53+J79 -> 45.510158 | K28: =K53+K79 -> 47.95307 | ... Q28: =Q53+Q79 -> 66.266834 | R28: =RATE(12,,-E28,Q28) -> 0.053950717 | S28: Proteomic Technologies | T28: =1-SUM(T23+T24) -> 0.37 | U28: =1-SUM(U23+U24) -> 0.36753418 | V28: =1-SUM(V23+V24) -> 0.36505649 | W28: =1-SUM(W23+W24) -> 0.36256687 | X28: =1-SUM(X23+X24) -> 0.36006526 | Y28: =1-SUM(Y23+Y24) -> 0.3575516 | Z28: =1-SUM(Z23+Z24) -> 0.3550258 | AA28: =1-SUM(AA23+AA24) -> 0.35248781 | ... AG28: =1-SUM(AG23+AG24) -> 0.337
A30: Application | B30: Bacteremia | D30: =D55+D81 -> 34.199365 | E30: =E55+E81 -> 38.64413 | F30: =F55+F81 -> 41.073253 | G30: =G55+G81 -> 43.67729 | H30: =H55+H81 -> 46.47035 | I30: =I55+I81 -> 49.467807 | J30: =J55+J81 -> 52.686415 | K30: =K55+K81 -> 56.14445 | ... Q30: =Q55+Q81 -> 83.177659 | R30: =RATE(12,,-E30,Q30) -> 0.065966598 | S30: Bacteremia | T30: 0.401 | U30: 0.40265091 | V30: 0.40430861 | W30: 0.40597313 | X30: 0.40764451 | Y30: 0.40932277 | Z30: 0.41100794 | AA30: 0.41270005 | AB30: 0.41439913 | AC30: 0.4161052 | AD30: 0.41781829 | AE30: 0.41953843 | AF30: 0.42126566 | AG30: 0.423
B31: Fungemia | D31: =D56+D82 -> 36.757921 | E31: =E56+E82 -> 41.445182 | F31: =F56+F82 -> 43.954894 | G31: =G56+G82 -> 46.64031 | H31: =H56+H82 -> 49.515288 | I31: =I56+I82 -> 52.5949 | J31: =J56+J82 -> 55.895551 | K31: =K56+K82 -> 59.435106 | ... Q31: =Q56+Q82 -> 86.913771 | R31: =RATE(12,,-E31,Q31) -> 0.063656044 | S31: Fungemia | T31: 0.431 | U31: 0.43183635 | V31: 0.43267432 | W31: 0.43351391 | X31: 0.43435514 | Y31: 0.43519799 | Z31: 0.43604249 | AA31: 0.43688862 | AB31: 0.43773639 | AC31: 0.43858581 | AD31: 0.43943688 | AE31: 0.4402896 | AF31: 0.44114397 | AG31: 0.442
B32: Mycobacterial Infection | D32: =D57+D83 -> 14.327914 | E32: =E57+E83 -> 15.884967 | F32: =F57+F83 -> 16.56072 | G32: =G57+G83 -> 17.269051 | H32: =H57+H83 -> 18.011604 | I32: =I57+I83 -> 18.790102 | J32: =J57+J83 -> 19.606347 | K32: =K57+K83 -> 20.462225 | ... Q32: =Q57+Q83 -> 26.546061 | R32: =RATE(12,,-E32,Q32) -> 0.043721146 | S32: Mycobacterial Infection | T32: =1-SUM(T30:T31) -> 0.168 | U32: =1-SUM(U30:U31) -> 0.16551275 | V32: =1-SUM(V30:V31) -> 0.16301708 | W32: =1-SUM(W30:W31) -> 0.16051295 | X32: =1-SUM(X30:X31) -> 0.15800035 | Y32: =1-SUM(Y30:Y31) -> 0.15547923 | Z32: =1-SUM(Z30:Z31) -> 0.15294957 | AA32: =1-SUM(AA30:AA31) -> 0.15041133 | ... AG32: =1-SUM(AG30:AG31) -> 0.135
A35: GCC Blood Culture Test Market
D37: 2023 | E37: 2024 | F37: 2025 | G37: 2026 | H37: 2027 | I37: 2028 | J37: 2029 | K37: 2030 | L37: 2031 | M37: 2032 | N37: 2033 | O37: 2034 | P37: 2035 | Q37: 2036 | R37: CAGR (2024-2036)
D38: ='Market Analysis'!C58 -> 56.8568 | E38: ='Market Analysis'!D58 -> 64.361898 | F38: ='Market Analysis'!E58 -> 67.991943 | G38: ='Market Analysis'!F58 -> 71.854152 | H38: ='Market Analysis'!G58 -> 75.964942 | I38: ='Market Analysis'!H58 -> 80.341996 | J38: ='Market Analysis'!I58 -> 85.004362 | K38: ='Market Analysis'!J58 -> 89.972574 | ... Q38: ='Market Analysis'!P58 -> 127.57507 | R38: =RATE(12,,-E38,Q38) -> 0.058671967 | T38: 2023 | U38: 2024 | V38: 2025 | W38: 2026 | X38: 2027 | Y38: 2028 | Z38: 2029 | AA38: 2030 | AB38: 2031 | AC38: 2032 | AD38: 2033 | AE38: 2034 | AF38: 2035 | AG38: 2036
A39: Test Type | B39: Phenotypic AST | D39: =D38*T39 -> 31.839808 | E39: =E38*U39 -> 36.101979 | F39: =F38*V39 -> 38.200916 | G39: =G38*W39 -> 40.437317 | H39: =H38*X39 -> 42.821101 | I39: =I38*Y39 -> 45.36296 | J39: =J38*Z39 -> 48.074428 | K39: =K38*AA39 -> 50.967955 | ... Q39: =Q38*AG39 -> 72.985695 | R39: =RATE(12,,-E39,Q39) -> 0.060414264 | S39: Phenotypic AST | T39: 0.56 | U39: 0.56092161 | V39: 0.56184474 | W39: 0.56276939 | X39: 0.56369557 | Y39: 0.56462326 | Z39: 0.56555248 | AA39: 0.56648323 | AB39: 0.56741552 | AC39: 0.56834934 | AD39: 0.56928469 | AE39: 0.57022158 | AF39: 0.57116002 | AG39: 0.5721
B40: Genotypic AST | D40: =D38*T40 -> 25.016992 | E40: =E38*U40 -> 28.259918 | F40: =F38*V40 -> 29.791027 | G40: =G38*W40 -> 31.416834 | H40: =H38*X40 -> 33.143841 | I40: =I38*Y40 -> 34.979036 | J40: =J38*Z40 -> 36.929934 | K40: =K38*AA40 -> 39.004619 | ... Q40: =Q38*AG40 -> 54.589371 | R40: =RATE(12,,-E40,Q40) -> 0.056399286 | S40: Genotypic AST | T40: =1-T39 -> 0.44 | U40: =1-U39 -> 0.43907839 | V40: =1-V39 -> 0.43815526 | W40: =1-W39 -> 0.43723061 | X40: =1-X39 -> 0.43630443 | Y40: =1-Y39 -> 0.43537674 | Z40: =1-Z39 -> 0.43444752 | AA40: =1-AA39 -> 0.43351677 | ... AG40: =1-AG39 -> 0.4279
A42: Product | B42: Instruments | D42: =D38*T42 -> 26.779553 | E42: =E38*U42 -> 30.274846 | F42: =F38*V42 -> 31.940523 | G42: =G38*W42 -> 33.710652 | H42: =H38*X42 -> 35.592497 | I42: =I38*Y42 -> 37.593874 | J42: =J38*Z42 -> 39.723192 | K42: =K38*AA42 -> 41.989508 | ... Q42: =Q38*AG42 -> 59.067255 | R42: =RATE(12,,-E42,Q42) -> 0.057276884 | S42: Instruments | T42: 0.471 | U42: 0.47038462 | V42: 0.46976923 | W42: 0.46915385 | X42: 0.46853846 | Y42: 0.46792308 | Z42: 0.46730769 | AA42: 0.46669231 | AB42: 0.46607692 | AC42: 0.46546154 | AD42: 0.46484615 | AE42: 0.46423077 | AF42: 0.46361538 | AG42: 0.463
B43: Consumables | D43: =D38*T43 -> 30.077247 | E43: =E38*U43 -> 34.087051 | F43: =F38*V43 -> 36.05142 | G43: =G38*W43 -> 38.1435 | H43: =H38*X43 -> 40.372445 | I43: =I38*Y43 -> 42.748122 | J43: =J38*Z43 -> 45.28117 | K43: =K38*AA43 -> 47.983066 | ... Q43: =Q38*AG43 -> 68.50781 | R43: =RATE(12,,-E43,Q43) -> 0.059894295 | S43: Consumables | T43: =1-T42 -> 0.529 | U43: =1-U42 -> 0.52961538 | V43: =1-V42 -> 0.53023077 | W43: =1-W42 -> 0.53084615 | X43: =1-X42 -> 0.53146154 | Y43: =1-Y42 -> 0.53207692 | Z43: =1-Z42 -> 0.53269231 | AA43: =1-AA42 -> 0.53330769 | ... AG43: =1-AG42 -> 0.537
